node_id,provider,region,direction,size_mib,sample_count,success_count,failure_count,failure_rate,elapsed_sec_mean,elapsed_sec_std,elapsed_sec_p50,elapsed_sec_p90,elapsed_sec_p95,elapsed_sec_min,elapsed_sec_max,throughput_mib_per_sec_mean,throughput_mib_per_sec_p10,throughput_mib_per_sec_p50
aliyun_ap_southeast_1,aliyun,ap-southeast-1,download,1,20,20,0,0.0,2.312215079998714,0.10336786433964813,2.2992107499740086,2.4555185600009284,2.467363670028863,2.1697142000193708,2.4987529999925755,0.43330078660477983,0.4072467314466759,0.4349474769284962
aliyun_ap_southeast_1,aliyun,ap-southeast-1,download,5,20,20,0,0.0,2.825908779987367,0.07885415196266925,2.821604600001592,2.95093188000028,2.96211997497594,2.6935484999557957,2.9863919999916106,1.7706404623864103,1.6943821311287877,1.772041380804332
aliyun_ap_southeast_1,aliyun,ap-southeast-1,download,10,20,20,0,0.0,3.153584480000427,0.188921307361339,3.089870850002626,3.381333420035662,3.4037947750126483,2.943007200025022,3.7000328000285663,3.1811384894761026,2.9574145273469146,3.236390987756459
aliyun_ap_southeast_1,aliyun,ap-southeast-1,download,20,20,20,0,0.0,3.356911634997232,0.12839323275365908,3.3194768999819644,3.499425880040508,3.529824374956661,3.131670299975667,3.62760739994701,5.966092337726617,5.71525606280309,6.025067394734496
aliyun_ap_southeast_1,aliyun,ap-southeast-1,download,40,20,20,0,0.0,4.0645635249995395,0.43862152815845457,3.95272329999716,4.754532109986758,4.804560265009059,3.547320200013928,5.093477400019765,9.941527543568519,8.413075342774523,10.12020761747058
aliyun_ap_southeast_1,aliyun,ap-southeast-1,download,60,20,20,0,0.0,5.493632545007858,0.7372571413168295,5.451354749966413,5.898321649967693,6.107387750048657,4.287680400011595,7.959970399970189,11.087520213609347,10.172782900897047,11.006523474782046
aliyun_ap_southeast_1,aliyun,ap-southeast-1,download,80,20,20,0,0.0,8.337900270000683,7.1034380455571045,6.468319350009551,9.496186490013496,11.318580669982495,5.625901699997485,38.021453699911945,11.653605779997937,8.426171749448608,12.36799694229154
aliyun_ap_southeast_1,aliyun,ap-southeast-1,download,100,20,20,0,0.0,5.2239944400003875,0.20741855564105388,5.241560349997599,5.468007509992457,5.493977770002676,4.979306099994574,5.697189799975604,19.170653308503415,18.288213084898175,19.0784053994764
aliyun_ap_southeast_1,aliyun,ap-southeast-1,upload,1,20,20,0,0.0,2.438327769996249,0.040666462526937924,2.432648699992569,2.4832456700038166,2.5001516650430857,2.3697590999654494,2.507277900003828,0.41022541076432273,0.40270075050472914,0.4110823393823327
aliyun_ap_southeast_1,aliyun,ap-southeast-1,upload,5,20,20,0,0.0,3.076657984996564,0.20765664707089768,3.059910449985182,3.307190339983208,3.3866935249883685,2.8300613000174053,3.5839158999733627,1.631932685832814,1.5119293909528573,1.6340895226606174
aliyun_ap_southeast_1,aliyun,ap-southeast-1,upload,10,20,20,0,0.0,3.435567334992811,0.30896835799088884,3.368340549990535,3.7357731599593533,3.800215130031575,3.118966299982276,4.504693900002167,2.9298904914224644,2.6768379133699307,2.968823729757296
aliyun_ap_southeast_1,aliyun,ap-southeast-1,upload,20,20,20,0,0.0,3.7652597050007897,0.3179478365886508,3.6579962999967393,3.9600648000079675,4.100916370016058,3.439273399999365,4.929116300016176,5.3420180791339735,5.050753703821804,5.467490433558838
aliyun_ap_southeast_1,aliyun,ap-southeast-1,upload,40,20,20,0,0.0,4.6216064149979506,0.8392863725601782,4.2994271499919705,5.59435274997377,6.510337054976845,4.085413500026334,7.253637099987827,8.85769661969358,7.167239733006753,9.303631420956684
aliyun_ap_southeast_1,aliyun,ap-southeast-1,upload,60,20,20,0,0.0,5.292316025000764,0.4607522529038079,5.196319050010061,5.868704019970028,6.044626564992359,4.630951499973889,6.150651599979028,11.417684248534272,10.224655320087086,11.547002125340768
aliyun_ap_southeast_1,aliyun,ap-southeast-1,upload,80,20,20,0,0.0,6.470363084995188,1.513998904470603,5.957209349959157,8.273215549957243,9.71229347999033,5.06136609998066,10.337640099984128,12.894685029118165,9.696798763491552,13.429666568048047
aliyun_ap_southeast_1,aliyun,ap-southeast-1,upload,100,20,20,0,0.0,5.608503274997929,0.9818950115494905,5.328643550019478,6.014329799980624,6.294651425001214,5.147217100020498,9.631314099999145,18.16022096106509,16.627507947274413,18.766502081582985
aliyun_cn_beijing,aliyun,cn-beijing,download,1,20,20,0,0.0,0.5594949299906148,0.07645667285569573,0.558646299992688,0.5978836900088937,0.683391679963097,0.4661672000074759,0.8119662000099197,1.8142350188600451,1.6754566557771222,1.7900413912290376
aliyun_cn_beijing,aliyun,cn-beijing,download,5,20,20,0,0.0,0.6845372750045499,0.1804725498604435,0.6366698000056203,0.7979231200122744,1.08556077995745,0.5198922999552451,1.2647209000424482,7.6428818757460295,6.331556753693812,7.853387039346993
aliyun_cn_beijing,aliyun,cn-beijing,download,10,20,20,0,0.0,0.7155619399942225,0.058312061543114704,0.7079127999895718,0.7917398500139825,0.8031138450285653,0.6219808000023477,0.8583856999175623,14.060519146859402,12.630570277204216,14.1260336483217
aliyun_cn_beijing,aliyun,cn-beijing,download,20,20,20,0,0.0,1.173532044995227,1.1818536042777612,0.8836845500045456,1.0424978199647745,1.625713660003388,0.777459800010547,6.164282799989451,21.351879729899427,19.366174399607083,22.632843414547835
aliyun_cn_beijing,aliyun,cn-beijing,download,40,20,20,0,0.0,1.172908884997014,0.16655145548999364,1.1309099500067532,1.3402466200350318,1.3623210750316506,1.033108000003267,1.7606993000372313,34.61797441196468,29.84525566631427,35.37119870791821
aliyun_cn_beijing,aliyun,cn-beijing,download,60,20,20,0,0.0,1.8090817849995802,0.7500003486944566,1.5266199500183575,2.020418840018101,2.219855030035253,1.3757132000173442,4.8002171000116505,35.9429042022115,29.69999647000233,39.303349333384446
aliyun_cn_beijing,aliyun,cn-beijing,download,80,20,20,0,0.0,1.9381432849972042,0.22607719663037978,1.8638695499685127,2.2327959299902433,2.3332799199735743,1.6581364999874495,2.4953465000144206,41.77108154052536,35.83603202202125,42.9260219749209
aliyun_cn_beijing,aliyun,cn-beijing,download,100,20,20,0,0.0,2.9752134100010155,0.7432708271437916,3.0888818499806803,3.9423985900008125,4.214587800006848,1.9270176000427455,4.280586200009566,35.67156351727587,25.377620513925255,32.38441113008223
aliyun_cn_beijing,aliyun,cn-beijing,upload,1,20,20,0,0.0,0.597495259999414,0.05151169071451946,0.5927276000147685,0.6671686699613929,0.6680394999799318,0.51962919998914,0.6819227999658324,1.6854840667877968,1.4988713498172401,1.687226886151882
aliyun_cn_beijing,aliyun,cn-beijing,upload,5,20,20,0,0.0,0.7334042599977693,0.10994770002590738,0.697376299998723,0.8255036199698227,0.9497318900132088,0.6416399999870919,1.114425600040704,6.927266276708533,6.068660177542352,7.169735870556712
aliyun_cn_beijing,aliyun,cn-beijing,upload,10,20,20,0,0.0,0.9633597349922638,0.37141200405349206,0.8477090500236955,1.0906812100089163,1.612243314995431,0.763518700026907,2.3607162999687716,11.150035991274548,9.313775347843775,11.797991944987574
aliyun_cn_beijing,aliyun,cn-beijing,upload,20,20,20,0,0.0,1.3286476700130152,0.6066936114367197,1.12954885000363,2.1222519300295972,2.2843875800143008,1.0180916999815963,3.4878928000107408,16.664498926979526,9.426131279800389,17.706996952056343
aliyun_cn_beijing,aliyun,cn-beijing,upload,40,20,20,0,0.0,2.4522594549984205,2.2161660779645613,1.5991388499969617,4.547417719959049,5.613464984929309,1.5094029000028968,10.772223100007977,21.760321845362427,8.822102534530545,25.01346809634814
aliyun_cn_beijing,aliyun,cn-beijing,upload,60,20,20,0,0.0,4.0768307100079255,4.879549388461949,2.0841641500010155,8.880502400029222,11.872945020048071,1.9606568000162952,21.58155970001826,24.407824490188055,6.80365623121248,28.788955452380627
aliyun_cn_beijing,aliyun,cn-beijing,upload,80,20,20,0,0.0,4.64594252500101,5.331340478858218,2.581456949992571,8.875820899993418,11.942180045018914,2.3865064999554306,24.754264699993655,26.525776119421238,9.072315638790514,30.99060710650828
aliyun_cn_beijing,aliyun,cn-beijing,upload,100,20,20,0,0.0,1.849359165003989,0.23706053173525843,1.791630499996245,1.9429008100123615,2.1544620100030447,1.6565100000007078,2.7280284999869764,54.72690213849065,51.51549116061932,55.81508076234878
aliyun_cn_shanghai,aliyun,cn-shanghai,download,1,20,20,0,0.0,0.2802105399983702,0.04444590130073351,0.2644373999792151,0.33462103003403176,0.36356164001917934,0.21434900001622736,0.3851065000053495,3.648270179267552,2.99059208991003,3.781620111797733
aliyun_cn_shanghai,aliyun,cn-shanghai,download,5,20,20,0,0.0,0.3692365049966611,0.052749116389639056,0.3621747000142932,0.42703047000104566,0.4554571649874561,0.26553959999000654,0.4852712999563664,13.80957646631814,11.713642076051787,13.8062064115085
aliyun_cn_shanghai,aliyun,cn-shanghai,download,10,20,20,0,0.0,0.3954568249959266,0.0446726788273788,0.37987850001081824,0.4607396099891048,0.46287112998543306,0.31984720000764355,0.48076209996361285,25.5881761984844,21.70424937847684,26.32420680587076
aliyun_cn_shanghai,aliyun,cn-shanghai,download,20,20,20,0,0.0,0.5375974999944446,0.060029346844446,0.5196347500022966,0.6159750600112602,0.6280488599644741,0.449263000045903,0.6586190999951214,37.63468199991277,32.469872845109535,38.48866907251883
aliyun_cn_shanghai,aliyun,cn-shanghai,download,40,20,20,0,0.0,0.8180660700047155,0.19361667678960526,0.7597178999858443,0.8732204999716487,0.9484628100210107,0.6955229000304826,1.607096099993214,50.410410989527925,45.81800186269514,52.65113769057298
aliyun_cn_shanghai,aliyun,cn-shanghai,download,60,20,20,0,0.0,1.0765692849934567,0.09106306977354489,1.0571837999741547,1.1416429999866522,1.1707352449651809,0.9917657999903895,1.4079928999999538,56.05248562000798,52.55705363092713,56.759389106656755
aliyun_cn_shanghai,aliyun,cn-shanghai,download,80,20,20,0,0.0,1.3522333250090015,0.0743301752813338,1.3390299000311643,1.409660240029916,1.422024825005792,1.2421662000124343,1.5908707000198774,59.31962547402379,56.7513019936718,59.74477929656781
aliyun_cn_shanghai,aliyun,cn-shanghai,download,100,20,20,0,0.0,1.9082425650034565,0.25140976869645837,1.828750749991741,2.328975660004653,2.4709269149694593,1.634230999974534,2.481580500025302,53.16202314950133,42.95402113183388,54.68214252063177
aliyun_cn_shanghai,aliyun,cn-shanghai,upload,1,20,20,0,0.0,0.2952693800005363,0.025955314195052266,0.2914396999985911,0.33694894999498504,0.34291082500712944,0.2634025000152178,0.34321530000306666,3.4106789542677234,2.967909724470976,3.431415803250989
aliyun_cn_shanghai,aliyun,cn-shanghai,upload,5,20,20,0,0.0,0.42449472499720287,0.08912584508393466,0.40386175000458024,0.4536636099626777,0.5150256299995819,0.3593941000290215,0.7721911999979056,12.1012744785562,11.033840461008474,12.381151467218201
aliyun_cn_shanghai,aliyun,cn-shanghai,upload,10,20,20,0,0.0,0.5316140050039394,0.030936214533985866,0.5261759500717744,0.5845667400339153,0.5934305599628715,0.48159849998774007,0.601113400014583,18.868770293351815,17.10707957461743,19.00543755025025
aliyun_cn_shanghai,aliyun,cn-shanghai,upload,20,20,20,0,0.0,0.7709904699935578,0.023514899552204708,0.7700785999768414,0.7980886499863118,0.8001116050058045,0.744802700006403,0.8371882999781519,25.96290829335919,25.059872757497,25.97172273130026
aliyun_cn_shanghai,aliyun,cn-shanghai,upload,40,20,20,0,0.0,1.2804194349911995,0.05610567714675338,1.2674355000199284,1.3342016700014938,1.3704637249844382,1.1871638000011444,1.4021068000001833,31.29626146600437,29.98266469499751,31.559871673543405
aliyun_cn_shanghai,aliyun,cn-shanghai,upload,60,20,20,0,0.0,1.7624584999954096,0.056190859206785945,1.7698100499983411,1.823571299982723,1.8483128750434845,1.667631699994672,1.8664839999983087,34.076237033944764,32.90308483653586,33.90223958736264
aliyun_cn_shanghai,aliyun,cn-shanghai,upload,80,20,20,0,0.0,2.2730573800072307,0.056667857700009754,2.2920827500056475,2.3294274399580903,2.3390165750315646,2.1546166999614798,2.365336799994111,35.21595248542517,34.34325042092643,34.902756553765556
aliyun_cn_shanghai,aliyun,cn-shanghai,upload,100,20,20,0,0.0,1.340873925006599,0.052090204064607966,1.3392829500080552,1.4010318500397263,1.4190025699703257,1.2724166000261903,1.4695154000073671,74.68268272074192,71.37690298563284,74.66693674231044
aliyun_us_east_1,aliyun,us-east-1,download,1,20,20,0,0.0,2.7273498849972384,0.1958784782202469,2.7763757499924395,2.867803609982366,3.0130627349804855,2.3615794999641366,3.038506300013978,0.3685685084721896,0.3487923484786929,0.36018827969238804
aliyun_us_east_1,aliyun,us-east-1,download,5,20,20,0,0.0,3.418298020013026,0.5595173153198737,3.2765917499782518,3.8893659600173134,4.555763605047833,2.9679502999642864,5.289220699982252,1.4910085748195132,1.288819445411354,1.525976028081947
aliyun_us_east_1,aliyun,us-east-1,download,10,20,20,0,0.0,4.427269774998422,2.6630893873416874,3.6992188000003807,4.876640329993099,6.477325815003139,3.2215811000205576,15.357546099985484,2.564576272606119,2.060841531992345,2.7032765786622304
aliyun_us_east_1,aliyun,us-east-1,download,20,20,20,0,0.0,6.036909280004329,4.712613685026597,4.074060750019271,11.927812609990372,18.712132545001804,3.4900904000387527,18.829680700029712,4.376170763527055,1.7177012909744933,4.931762425742145
aliyun_us_east_1,aliyun,us-east-1,download,40,20,20,0,0.0,7.611660024998128,4.6455355131227565,6.169000449939631,12.593933550012304,16.95630942005082,3.812398399983067,21.131099999998696,6.692258634190507,3.205955600127868,6.48407024797325
aliyun_us_east_1,aliyun,us-east-1,download,60,20,20,0,0.0,7.66823368500045,3.1667605340125133,6.654397199978121,11.75290966999601,13.425395454972751,4.518668700009584,16.212453300016932,8.871301729878303,5.11370431298064,9.02240965515462
aliyun_us_east_1,aliyun,us-east-1,download,80,20,20,0,0.0,11.072581680002623,5.643002012853264,9.190592049999395,21.2051870999916,22.117992110000344,5.777471699984744,25.36869850003859,8.624951431230645,3.773159288398365,8.704943827217729
aliyun_us_east_1,aliyun,us-east-1,download,100,20,20,0,0.0,14.092309080000268,21.38571191952421,9.431642699986696,10.97180856995983,15.766316630027788,6.527934399957303,104.83854900003644,10.394859552370082,9.114362251659664,10.602612041493556
aliyun_us_east_1,aliyun,us-east-1,upload,1,20,20,0,0.0,2.602487030005432,0.03663384059942303,2.5997591500054114,2.66142109001521,2.662391605009907,2.533645599964075,2.676660700002685,0.3843199350190977,0.3757391134035408,0.38465101668589546
aliyun_us_east_1,aliyun,us-east-1,upload,5,20,20,0,0.0,3.688029755000025,2.350859013530245,3.12147360004019,3.326245719980216,3.887345344954527,3.04589449998457,13.667926800029818,1.5214087445233184,1.503228232771717,1.6018103555803673
aliyun_us_east_1,aliyun,us-east-1,upload,10,20,20,0,0.0,3.6321767600107706,0.5457560992372512,3.509018000011565,3.68337844000198,4.149465615049122,3.30633079999825,5.857605800032616,2.7927516531721297,2.7177865327993462,2.8498007205487257
aliyun_us_east_1,aliyun,us-east-1,upload,20,20,20,0,0.0,3.9861726149974857,0.4125425681818058,3.8385024500021245,4.184923970029923,4.653086150015589,3.7351017000037245,5.5070857999962755,5.057862971204993,4.784047224675336,5.210382177115341
aliyun_us_east_1,aliyun,us-east-1,upload,40,20,20,0,0.0,5.03597058999585,2.2194964593670177,4.492463350004982,4.864032519987087,5.9791155299608425,4.288738299976103,14.3952724999981,8.528760653898246,8.239197443933215,8.90380388135338
aliyun_us_east_1,aliyun,us-east-1,upload,60,20,20,0,0.0,5.261699555002269,0.5251534701088549,5.067497549986001,5.489318290009396,5.726952930007248,4.9270009999745525,7.306746500020381,11.487581980240934,10.931257527794022,11.840232229416209
aliyun_us_east_1,aliyun,us-east-1,upload,80,20,20,0,0.0,6.202273009999772,0.9421651609737842,5.863530100003118,6.762467940000352,7.679303400032223,5.439594800001942,9.490068000042811,13.118371003807228,11.847534989752955,13.64975030362971
aliyun_us_east_1,aliyun,us-east-1,upload,100,20,20,0,0.0,5.852066859992919,0.5219588750783555,5.6949314000085,6.078708799974994,6.498719729980804,5.499614599975757,7.889681799977552,17.19038286143613,16.45652645435594,17.5596637911815
aws_ap_southeast_1,aws,ap-southeast-1,download,1,20,20,0,0.0,3.3820772699982626,2.276439886129388,2.6048903500195593,3.998221780010499,4.5692160650098295,2.013391699991189,12.430946100037545,0.35582337869005726,0.2501527140207742,0.384078669410717
aws_ap_southeast_1,aws,ap-southeast-1,download,5,20,20,0,0.0,15.257661784996163,40.960061181405806,2.584430449991487,11.817409459961446,80.2174101249432,2.20872120000422,175.19412989995908,1.6072678568910688,0.9494843753724583,1.9354998375169647
aws_ap_southeast_1,aws,ap-southeast-1,download,10,20,20,0,0.0,4.618419239998912,1.963692628798867,4.500070000009146,7.787449339980959,8.199256554970635,2.611139999993611,9.01020989997778,2.527115588441896,1.284425183742579,2.2238938856998516
aws_ap_southeast_1,aws,ap-southeast-1,download,20,20,20,0,0.0,5.097920399991563,2.2618734696939202,4.635354849975556,9.169309250020888,9.557797305000713,2.924954899935983,10.980994299985468,4.510434285000867,2.181464510637553,4.315939393589104
aws_ap_southeast_1,aws,ap-southeast-1,download,40,20,20,0,0.0,6.970408944998053,3.7590480394738903,5.129385100008221,11.460989689989947,12.069564814993651,3.6653501000255346,18.726640700013377,6.896308845237595,3.4902929579399653,7.798547339165012
aws_ap_southeast_1,aws,ap-southeast-1,download,60,20,20,0,0.0,10.74988274499774,9.822159089272146,7.196839150012238,15.47061831999455,24.3288125549647,4.5796579999732785,47.717386099975556,7.948202414970046,3.9525394686909685,8.348646069078224
aws_ap_southeast_1,aws,ap-southeast-1,download,80,20,20,0,0.0,9.008093160003773,4.25479653795098,6.2942038500041235,15.973129300004805,17.56597500498465,5.653681499999948,17.860651800001506,10.503036795324803,5.013404879474266,12.711490743849065
aws_ap_southeast_1,aws,ap-southeast-1,download,100,20,20,0,0.0,9.856579110003077,3.683844516061667,10.27653360000113,13.108330770005706,14.100049935033898,5.432134599948768,19.578949499991722,11.551201095157674,7.631066433324481,9.741736938623452
aws_ap_southeast_1,aws,ap-southeast-1,upload,1,20,18,2,0.1,3.803935661113226,2.3930629729042585,3.13036204999662,7.928178919997299,8.03846919000207,1.7760451000067405,8.211364799994044,0.3518157567883633,0.12613781304984145,0.31958057876320645
aws_ap_southeast_1,aws,ap-southeast-1,upload,5,20,18,2,0.1,5.162509750002452,4.098254739069519,3.64481645001797,12.509778629988432,12.599832394992701,1.8402095999917947,12.600170099991374,1.485317778061605,0.3996961572275566,1.3718942529885934
aws_ap_southeast_1,aws,ap-southeast-1,upload,10,20,16,4,0.2,4.644943806244555,3.0770369546946577,4.723223649983993,5.543789749965072,7.937179099957575,2.378294599999208,15.099824899923988,2.71854019506855,1.803822213873572,2.1178367831889116
aws_ap_southeast_1,aws,ap-southeast-1,upload,20,20,19,1,0.05,4.661605010529073,1.1300911918131367,5.224799500021618,5.652807099954225,5.747455619956599,2.8668445000075735,5.908995900012087,4.601965193640242,3.5382263932749907,3.82789808487718
aws_ap_southeast_1,aws,ap-southeast-1,upload,40,20,17,3,0.15,5.167984299995142,2.968672315344249,3.7822641999227926,6.230759440024849,8.456784860044712,3.250582399952691,15.664218300022185,9.10338935688624,6.439216271534997,10.575675808373333
aws_ap_southeast_1,aws,ap-southeast-1,upload,60,20,15,5,0.25,6.152253533333229,2.8731107652862127,6.601799900003243,6.908712639997248,9.503135709994247,3.9381209000130184,15.473334699985571,11.043891722683874,8.685036069317539,9.088430565726556
aws_ap_southeast_1,aws,ap-southeast-1,upload,80,20,15,5,0.25,8.528044486655078,10.689395109413711,5.219337999995332,7.468593839986715,19.36884333999481,4.504132799978834,46.92331420001574,13.568481987473156,10.713931613175848,15.327614344974696
aws_ap_southeast_1,aws,ap-southeast-1,upload,100,20,13,7,0.35,5.552877146159657,1.1797043972825108,4.848646800033748,7.0321650400175715,7.049950920022093,4.451470500032883,7.070681400015019,18.73103175056138,14.220389716079477,20.62431109630505
aws_eu_central_1,aws,eu-central-1,download,1,20,20,0,0.0,3.924197445000755,0.5040470698318286,3.859057199995732,4.4982245500665154,4.631228360027308,3.0916287999716587,4.768088400014676,0.2589168978415117,0.22232878601959238,0.25917666464630806
aws_eu_central_1,aws,eu-central-1,download,5,20,20,0,0.0,4.762506654998288,0.6936127892407122,4.847517599991988,5.370889630017336,5.659208140036208,3.7207095000194386,6.705875200044829,1.0701618123034904,0.9311323150677928,1.031488371341731
aws_eu_central_1,aws,eu-central-1,download,10,20,20,0,0.0,6.241199235001114,1.7243167404392805,6.112192150001647,8.890203739993742,9.927204939973308,4.3689895999850705,10.363753499928862,1.7032348467116942,1.1263118705218496,1.636074345137736
aws_eu_central_1,aws,eu-central-1,download,20,20,20,0,0.0,7.266844000009587,3.070820423487428,5.923385850008344,11.897028370021145,12.340075260028247,4.377793000021484,16.055625199980568,3.11192184872632,1.681171435808579,3.3764723109868715
aws_eu_central_1,aws,eu-central-1,download,40,20,20,0,0.0,10.309720885005664,3.392612409338692,10.049288799986243,13.834518569975627,14.820706849999263,5.646190400002524,19.940293900028337,4.267448038859617,2.8921430837549065,3.9825467530358827
aws_eu_central_1,aws,eu-central-1,download,60,20,20,0,0.0,21.07632063999772,26.320589756149722,11.951882150024176,49.41527525003187,63.55418362000205,7.610488699981943,116.38196069997502,4.961651666281829,1.2201471332153617,5.030421434140109
aws_eu_central_1,aws,eu-central-1,download,80,20,20,0,0.0,13.784836070003802,4.488578818773627,12.554300450021401,19.005825450003613,21.07185644001584,9.544598800013773,26.71751529996982,6.280565149928571,4.212980785492966,6.374354639373461
aws_eu_central_1,aws,eu-central-1,download,100,20,20,0,0.0,24.891310960004922,36.947204896109895,17.640670749999117,20.7746882299718,30.126335380005298,10.73250199999893,181.18408889998682,6.004560157838991,4.8158466422527795,5.670501573249847
aws_eu_central_1,aws,eu-central-1,upload,1,20,18,2,0.1,3.620958527773231,2.6110062828406635,2.929398299980676,3.695040939981118,5.363836104987408,2.4427528000087477,13.950206900015473,0.3232109241055779,0.2708287926171765,0.3414137044301
aws_eu_central_1,aws,eu-central-1,upload,5,20,19,1,0.05,7.423096231573972,6.064357021665312,4.169471099972725,16.92586462001782,17.637140189990173,3.146186099969782,21.648687599983532,1.026114822142253,0.2954238515569226,1.1991928664603786
aws_eu_central_1,aws,eu-central-1,upload,10,20,14,6,0.3,5.214529121423506,0.7008115191248842,5.390586249995977,6.027574419975281,6.1695426749647595,4.137848200043663,6.32779849995859,1.951031396560971,1.6593897726866726,1.8554819840028465
aws_eu_central_1,aws,eu-central-1,upload,20,20,14,6,0.3,9.307364978582232,13.745253226820463,5.685526500019478,6.4395923499949275,24.149667934980226,4.8384828000562266,57.0137732999865,3.360463318099392,3.1058211022460633,3.531839402790412
aws_eu_central_1,aws,eu-central-1,upload,40,20,15,5,0.25,11.395701186661608,8.289400187026079,6.998302899999544,26.218966659985018,26.281913300004092,5.812209900002927,26.330818100017495,4.875801045618952,1.525619011396742,5.7156714380000055
aws_eu_central_1,aws,eu-central-1,upload,60,20,17,3,0.15,7.607471835303038,0.9152286345111184,7.435637600021437,8.630832319986075,8.931730980018617,5.9838361000292934,9.936105700035114,7.989164553926908,6.951974877427556,8.069247484550218
aws_eu_central_1,aws,eu-central-1,upload,80,20,12,8,0.4,7.747090466679462,0.41230936533679213,7.886655950016575,8.17996341997059,8.219572149973828,6.9217376000015065,8.23681079997914,10.354843204947342,9.78087247654415,10.143716372654051
aws_eu_central_1,aws,eu-central-1,upload,100,20,16,4,0.2,9.139635006249591,2.750086931059421,8.163296900020214,13.057568249991164,15.587263074994553,6.747552999993786,15.928679200005718,11.621405750302733,7.929846599487421,12.253542110001764
aws_us_east_2,aws,us-east-2,download,1,20,20,0,0.0,6.089250445005018,7.445964961295576,4.053665099985665,5.4858972599904625,13.193739995016967,3.657681100012269,36.798787000006996,0.2285275340014722,0.19714497247913262,0.24669072724179947
aws_us_east_2,aws,us-east-2,download,5,20,20,0,0.0,4.946308044996113,0.693004232740451,4.815834700013511,5.249148109991802,5.789319269958652,4.342267100000754,7.506707799970172,1.0253147714736754,0.9532581450312403,1.0383234851602605
aws_us_east_2,aws,us-east-2,download,10,20,20,0,0.0,9.849940115006756,16.92186546919288,5.816197850042954,8.559827060025421,13.59270371500757,4.9523159000091255,81.54062370001338,1.623535410846799,1.1715222477613294,1.7200836095744596
aws_us_east_2,aws,us-east-2,download,20,20,20,0,0.0,12.545840319999844,18.124430203993093,6.333868299960159,15.184495300019643,29.126591004998815,5.045263800013345,86.58935319999,2.653830814503961,1.3649667758499853,3.1578446002376577
aws_us_east_2,aws,us-east-2,download,40,20,20,0,0.0,12.9524871950096,7.572537313520132,12.02488375006942,17.711594620026894,26.687245424996952,5.690699999977369,37.72329710004851,3.83015679212799,2.2987788612419866,3.330816785017878
aws_us_east_2,aws,us-east-2,download,60,20,20,0,0.0,13.17011832498829,3.2857850256171037,13.61798020004062,16.77748132001725,17.11184534499771,7.401346599974204,18.473080299969297,4.894940323427285,3.576318231037697,4.406108272202134
aws_us_east_2,aws,us-east-2,download,80,20,20,0,0.0,16.310702850006056,7.376112877659126,15.010644249996403,18.33402188001201,22.03805742501865,8.918188499985263,45.369062300014775,5.426738162897973,4.371382114260787,5.3303004496897
aws_us_east_2,aws,us-east-2,download,100,20,20,0,0.0,20.075785275007366,14.897869973336299,16.30384730003425,25.33323802998057,30.229783909992,10.175868499965873,79.6864250000217,6.187594959690178,3.9507133795975924,6.134370604070416
aws_us_east_2,aws,us-east-2,upload,1,20,20,0,0.0,3.8920372750115346,2.423548266150188,3.373962300014682,3.808068240020657,4.480915095002281,2.9385604999843054,14.122719599981792,0.28867946930550514,0.2626533348501414,0.29649716276579874
aws_us_east_2,aws,us-east-2,upload,5,20,19,1,0.05,7.181602605263163,6.057805936966099,4.258627200033516,17.943813859997316,18.63359343998018,3.6484008000115864,20.194677099992987,1.0134930788288465,0.2787040342498614,1.1740872739366925
aws_us_east_2,aws,us-east-2,upload,10,20,18,2,0.1,9.843159849994764,15.771166728263445,5.344339350005612,10.469157899997672,28.46765236503554,4.783479199977592,71.28481209999882,1.7159887216887317,1.3113358938646011,1.871308322646084
aws_us_east_2,aws,us-east-2,upload,20,20,13,7,0.35,5.80567876153733,0.2611638416792242,5.7655022000544704,6.083180739998351,6.187474619993009,5.4466201000032015,6.324256799998693,3.451247743366011,3.2878151416764414,3.468908571366263
aws_us_east_2,aws,us-east-2,upload,40,20,10,10,0.5,7.880406120006228,4.414306878262211,6.534746199991787,8.612828550010448,14.501174624991846,5.832636100007221,20.389520699973218,5.764523418680893,5.124778047859344,6.1215419881781195
aws_us_east_2,aws,us-east-2,upload,60,20,13,7,0.35,8.934223115385976,6.40641619877545,7.124124400026631,7.732672919984907,16.74523279999849,6.707663500041235,30.228292700019665,7.904095610161017,7.759581426644459,8.42208763223951
aws_us_east_2,aws,us-east-2,upload,80,20,13,7,0.35,9.676659384634918,6.524956544425045,7.519996499991976,11.211731120001062,19.566492859984287,7.089931200025603,30.98025109997252,9.718071297850946,7.2966247113074525,10.638302823689527
aws_us_east_2,aws,us-east-2,upload,100,20,14,6,0.3,7.717971542841822,0.273068592980716,7.6870164000138175,8.084725079964848,8.131829104965437,7.337655999988783,8.1885573999607,12.971679765389926,12.36912578113955,13.00926743633206
aws_us_west_2,aws,us-west-2,download,1,20,20,0,0.0,3.9865557499986606,0.3103560104375329,3.934141749952687,4.34882736998843,4.388781120034401,3.4599372999509797,4.586480300000403,0.2522958215225665,0.2299482167879922,0.25418808499872636
aws_us_west_2,aws,us-west-2,download,5,20,20,0,0.0,4.845348034999915,1.1944533628684826,4.579764299996896,5.418599410029132,7.68895120001107,3.614638000028208,8.560640799987596,1.0744933941581665,0.9355832612094728,1.0917596608528668
aws_us_west_2,aws,us-west-2,download,10,20,19,1,0.05,6.127053542108594,1.9320034409472264,5.036805400042795,8.897472720022778,9.930151789955563,4.411479700007476,10.466956699965522,1.761111111173319,1.1270289706525496,1.9853854190823088
aws_us_west_2,aws,us-west-2,download,20,20,20,0,0.0,7.784769304993096,2.3248559441939887,7.7407667500083335,10.77987764001009,11.110122854978544,4.986026900005527,11.503469499992207,2.7984241033510355,1.855474388677415,2.602506289294431
aws_us_west_2,aws,us-west-2,download,40,20,20,0,0.0,9.81164508998918,1.7425774528564053,10.184889149968512,11.57222926001996,11.629218524970929,6.365145999996457,12.22403869999107,4.222911416690864,3.456552834333427,3.9280631521162177
aws_us_west_2,aws,us-west-2,download,60,20,20,0,0.0,15.221171369994408,8.972575063982632,13.86590694996994,16.10731547999895,21.15791527995609,8.81903680000687,52.07076099992264,4.4784414904299314,3.740809335558926,4.327170625098378
aws_us_west_2,aws,us-west-2,download,80,20,20,0,0.0,13.447313184989616,3.5675246440753274,13.041590699984226,16.72515118999873,21.003130350005815,8.536299400031567,22.168465900002047,6.327068230871295,4.810972005956118,6.134300695245473
aws_us_west_2,aws,us-west-2,download,100,20,20,0,0.0,27.100795754999854,34.52410270524045,12.983079800003907,85.43278758000238,117.28744470000674,10.79180169996107,117.6292337999912,6.6705499619563975,1.184236788339154,7.702440680719125
aws_us_west_2,aws,us-west-2,upload,1,20,19,1,0.05,3.772736452630182,2.065614888111166,3.378763600019738,3.663129340019077,4.559203659970093,2.6318949999986216,12.221704299969133,0.2933868152277108,0.2730006978283466,0.29596625226877615
aws_us_west_2,aws,us-west-2,upload,5,20,19,1,0.05,5.367969826320309,4.075912789361241,4.044743300008122,7.115110100002485,16.59995815997245,3.5830242999945767,17.27732749999268,1.1520380176690161,0.9003727817439313,1.2361723919512915
aws_us_west_2,aws,us-west-2,upload,10,20,18,2,0.1,6.260152022221721,4.104272241475236,4.879868749994785,7.81339046999929,13.72765950997126,4.376414199999999,21.020657300017774,1.8788771115037155,1.44177423723295,2.0492366670325675
aws_us_west_2,aws,us-west-2,upload,20,20,17,3,0.15,5.637952347056639,0.32515297832966206,5.626822899968829,5.973061980027706,6.088789600075688,5.180287700030021,6.485909599985462,3.5580831999094227,3.348383304006525,3.554403676026625
aws_us_west_2,aws,us-west-2,upload,40,20,18,2,0.1,6.157219716674364,0.5320163067203373,6.035422550019575,6.797704750002595,7.072918489977018,5.3677047999808565,7.65201210003579,6.538587157694095,5.885949917713863,6.627539534214456
aws_us_west_2,aws,us-west-2,upload,60,20,18,2,0.1,7.37588212778145,2.388610575658271,6.666909149993444,8.081948239996565,10.77965496001124,5.795773699996062,16.343622700020205,8.577264111115324,7.554087300536795,8.999684511267478
aws_us_west_2,aws,us-west-2,upload,80,20,17,3,0.15,8.044588158824755,2.3364513648947396,7.625993900001049,8.1403812799952,9.93525089998729,6.607238399970811,16.98350530001335,10.363134761771887,9.827655768436156,10.490435876166776
aws_us_west_2,aws,us-west-2,upload,100,20,15,5,0.25,7.932298446660085,1.2710918735135601,7.444700199994259,9.773222840006927,10.741801909985952,6.967957699962426,11.153593499970157,12.85193426996754,10.338204751374516,13.432374348677886
gcp_asia_east1,gcp,asia-east1,download,1,20,20,0,0.0,6.069701965004787,0.3916410587589819,5.951339400024153,6.448012630001177,6.71002359004051,5.589406599989161,7.257839000027161,0.16535575201739944,0.15510838108953862,0.1680315388332293
gcp_asia_east1,gcp,asia-east1,download,5,20,20,0,0.0,6.368306494996068,0.50253000196716,6.259149399964372,6.561191450047772,6.800366845002283,5.789733499987051,8.32260779995704,0.7889576954243652,0.762105428818736,0.798830769711747
gcp_asia_east1,gcp,asia-east1,download,10,20,20,0,0.0,6.957898009993369,0.9745142240223833,6.5970507499878295,8.112928459985417,9.420018884976162,6.166094099986367,9.518875600013416,1.4592596235206952,1.2356947557854583,1.5158330048776276
gcp_asia_east1,gcp,asia-east1,download,20,20,20,0,0.0,7.575104644993553,0.8758759781076889,7.252766599995084,7.933403479994743,9.818065199954436,6.978691899974365,10.318253499979619,2.6668951040727267,2.533771387687876,2.757568507483463
gcp_asia_east1,gcp,asia-east1,download,40,20,20,0,0.0,9.233112510005594,1.6087206945942805,8.606859699968481,11.672611770004732,11.868621875019747,8.220446299994364,14.64990790002048,4.4248944193119275,3.4268320425623173,4.6474559140554135
gcp_asia_east1,gcp,asia-east1,download,60,20,20,0,0.0,12.346439350006403,1.4353512506229615,12.10468660001061,13.224256249971225,15.500859974950437,10.558592099987436,16.67200810002396,4.913425804656696,4.549460507072039,4.9567746387308
gcp_asia_east1,gcp,asia-east1,download,80,20,20,0,0.0,13.248342255005264,1.1028717407165352,12.990558850025991,14.641283250023847,15.82512654500024,11.827126500022132,16.212885099987034,6.074152329341177,5.467584862875439,6.1583196260058
gcp_asia_east1,gcp,asia-east1,download,100,20,20,0,0.0,16.002643234992867,2.536552094498427,15.630476699996507,17.862754329992462,20.000734650011875,12.821520199999213,24.028868600027636,6.377217977285918,5.604847388265652,6.3981945499138675
gcp_asia_east1,gcp,asia-east1,upload,1,20,20,0,0.0,6.515091894994839,1.0108796832650517,6.1550736500066705,7.255423140001952,9.23997016500798,5.701979300007224,9.365721000009216,0.15621853403876632,0.13875019390450044,0.16247376674316893
gcp_asia_east1,gcp,asia-east1,upload,5,20,20,0,0.0,6.568222084993613,0.2895130467977866,6.475744350027526,6.79178113998496,6.874417374955374,6.184462000033818,7.52576729998691,0.7625542052871291,0.7361880308387652,0.7721122809878425
gcp_asia_east1,gcp,asia-east1,upload,10,20,20,0,0.0,21.79256581000518,4.161700841893071,20.500060549995396,22.763677219994147,32.43269491999236,19.56421889999183,35.294051600038074,0.4698184371920393,0.44560738814010514,0.48780476876170853
gcp_asia_east1,gcp,asia-east1,upload,20,20,20,0,0.0,34.795891929994106,1.169508561287955,34.246093499998096,36.65613327996689,36.88613307000196,33.372057000000495,37.91973440005677,0.575372635406919,0.5456126708131872,0.5840092623900212
gcp_asia_east1,gcp,asia-east1,upload,40,20,20,0,0.0,67.38234981499264,17.712161024962008,63.17731329999515,65.12420801999397,74.70773572000913,61.72602159995586,142.17010699998355,0.6135243443576505,0.6147524968098599,0.6331394155077887
gcp_asia_east1,gcp,asia-east1,upload,60,20,20,0,0.0,93.60619685999117,9.687010742478646,91.08889999997336,94.08207109002979,97.5719480699627,89.82812179997563,134.20589690003544,0.6456975600587008,0.6377603058800105,0.6586971975980409
gcp_asia_east1,gcp,asia-east1,upload,80,20,20,0,0.0,146.40231557500664,83.98266001345483,119.26557394998963,144.63947970001055,336.93436343001673,117.35679100005655,441.19041159999324,0.6225871263152357,0.6053298100598792,0.6707720417964926
gcp_asia_east1,gcp,asia-east1,upload,100,20,20,0,0.0,155.54451226001257,33.13665203048619,147.5423736500088,152.66762227995787,160.12370992001678,145.07520079996902,295.9743696000078,0.6582789922169203,0.6550180259625195,0.6777729593358539
gcp_europe_west1,gcp,europe-west1,download,1,20,20,0,0.0,10.587950440010172,7.303073297809829,8.99357270001201,10.639563590014589,13.355935380022878,7.421641000022646,41.19996759999776,0.10884691695733023,0.09411969483941697,0.11119052273618954
gcp_europe_west1,gcp,europe-west1,download,5,20,20,0,0.0,9.824745525003527,0.6803629065290016,9.668700800044462,10.906210579985053,10.973093635021359,8.346848300017882,11.09071950003272,0.5112189748664503,0.4584559488697875,0.5171341808598264
gcp_europe_west1,gcp,europe-west1,download,10,20,20,0,0.0,9.912447879984393,1.0031792277887066,10.000212349987123,11.252520119986729,11.34111892497167,8.50644009996904,11.37369299994316,1.018834203568807,0.8886956597675184,0.9999865515443078
gcp_europe_west1,gcp,europe-west1,download,20,20,20,0,0.0,11.429595900012647,1.5388705478374534,10.865232050040504,13.264914739993403,14.83154653001693,9.265315200085752,14.88372869999148,1.7782156383191356,1.509847407436651,1.8407697147688655
gcp_europe_west1,gcp,europe-west1,download,40,20,20,0,0.0,12.341613139989203,1.0411747307239716,12.345359799975995,13.650136679946446,13.733076174955933,10.626778699981514,13.832840899995063,3.2636210731291104,2.93038408182685,3.240104724789987
gcp_europe_west1,gcp,europe-west1,download,60,20,20,0,0.0,15.946766090014716,2.1190996529822566,15.545004849991528,18.555720620014473,19.489731950007265,13.0383421999868,21.676739300019108,3.820461254612213,3.2341776462504153,3.8597715935988424
gcp_europe_west1,gcp,europe-west1,download,80,20,20,0,0.0,18.552377634998994,4.249923751143842,17.5742971500149,20.76647122997093,26.770815014996337,14.820923499995843,33.40155880001839,4.460562209497386,3.8780927403150574,4.552116592579878
gcp_europe_west1,gcp,europe-west1,download,100,20,20,0,0.0,18.17503837000404,1.3175049244988555,18.143462700012606,19.78021036008722,19.878432250008338,15.319480400008615,20.172959799994715,5.530663462173191,5.055567750897045,5.511888728100042
gcp_europe_west1,gcp,europe-west1,upload,1,20,20,0,0.0,10.086482460008119,0.9477701870178907,9.758500650001224,11.121828810009173,11.414913069977775,8.994622000027448,12.245068099990021,0.09994621364120461,0.08991819574925147,0.1024857481801401
gcp_europe_west1,gcp,europe-west1,upload,5,20,20,0,0.0,11.022213349994853,0.9988922182514562,10.621383199992124,12.41033783001476,12.460443690014655,9.895386299991515,13.296768400003202,0.4570112676592191,0.4028899295211904,0.4707547928703024
gcp_europe_west1,gcp,europe-west1,upload,10,20,20,0,0.0,25.902854025008857,5.166811735825897,24.72760534999543,26.380673049984036,27.956086614998654,22.73714480001945,47.38389280001866,0.39475606505460487,0.3790835487693953,0.4044078540307554
gcp_europe_west1,gcp,europe-west1,upload,20,20,20,0,0.0,38.488789735009775,1.1452397388525108,38.208269850030774,39.90193152999855,40.03805203002412,36.60623450001003,40.50651850004215,0.5200667316835119,0.50122930221893,0.5234567407398356
gcp_europe_west1,gcp,europe-west1,upload,40,20,20,0,0.0,69.51594265000021,10.062231383443786,66.60208910002257,70.60160055002783,83.76322707498622,64.8334875999717,109.19347450003261,0.5833619953340137,0.5681002321349186,0.6005828354025666
gcp_europe_west1,gcp,europe-west1,upload,60,20,20,0,0.0,100.53970861999842,21.467784063352134,95.7643704499933,98.47054352999548,103.29223932994944,93.34812179999426,191.45401639997726,0.6111307601785223,0.6093195029350951,0.6265378273342728
gcp_europe_west1,gcp,europe-west1,upload,80,20,20,0,0.0,125.00224787999468,4.421344402790006,123.99864645002526,127.5712015200057,128.39812453993946,120.89608119998593,141.7331175999716,0.6406844521849993,0.6271008470928645,0.645168594683386
gcp_europe_west1,gcp,europe-west1,upload,100,20,20,0,0.0,151.84131130999012,2.7021708788237513,151.95333669998217,155.7275062500208,156.13502283000562,147.64852759998757,158.10916140000336,0.6587787851121497,0.6421475856766803,0.6580995533738645
gcp_us_east1,gcp,us-east1,download,1,20,20,0,0.0,7.826811040006578,0.8466896488808727,7.602324200008297,8.943592100031674,9.027600630040979,6.885169900022447,9.18792699999176,0.12916731580376106,0.11181277754043566,0.13155017780191372
gcp_us_east1,gcp,us-east1,download,5,20,20,0,0.0,8.306231594996643,1.0767282125580515,8.063964099972509,9.767858299985528,10.19772530507471,7.132471399963833,10.432474199973512,0.6111087488133378,0.511983065865121,0.6215912476551722
gcp_us_east1,gcp,us-east1,download,10,20,20,0,0.0,8.874037594997208,0.9228305755544323,8.83798489999026,9.870212389994412,9.976042070030235,7.641799599980004,10.823580199969001,1.1382675499402775,1.0131537316107473,1.1314796436084853
gcp_us_east1,gcp,us-east1,download,20,20,20,0,0.0,9.302791669990985,0.8900070764259457,9.04314469997189,10.552331039996352,10.610790369994358,8.191109200008214,11.357075599953532,2.167493836618694,1.895316518671805,2.212040901472683
gcp_us_east1,gcp,us-east1,download,40,20,20,0,0.0,11.13018523499486,1.3035411160396293,11.199391549977008,12.137967019976351,12.72351594999782,9.773657000041567,14.589223799994215,3.6381963833172843,3.296014826334411,3.574867591296978
gcp_us_east1,gcp,us-east1,download,60,20,20,0,0.0,15.343259365003906,5.004492038879829,13.724126549990615,17.479663050023373,18.738667100036412,12.021318599989172,35.418979900015984,4.123304120150781,3.432738297870867,4.3719022606003435
gcp_us_east1,gcp,us-east1,download,80,20,20,0,0.0,16.775492799986388,3.165093141843863,16.04687159997411,18.070392190024723,19.65767865995295,13.947385499952361,28.87920819997089,4.882146554497659,4.428867196100978,4.985403191660117
gcp_us_east1,gcp,us-east1,download,100,20,20,0,0.0,17.452505060005933,1.633330755576683,17.198884049983462,19.223119239998052,20.95920235500671,15.44560300000012,21.396515000029467,5.774210279274801,5.206326172383523,5.815190803427249
gcp_us_east1,gcp,us-east1,upload,1,20,20,0,0.0,8.575672605005092,0.6274087660980299,8.416451900004176,9.542248060018755,9.650343945031636,7.3913335999823175,9.659183600044344,0.11719586940962966,0.10479857467849085,0.11881530608290428
gcp_us_east1,gcp,us-east1,upload,5,20,20,0,0.0,9.5790890349861,0.8317895813861694,9.272203450003872,10.580835679982558,10.880305019990193,8.477150899998378,11.574289899959695,0.5255470677862513,0.47258419400876056,0.5392624030738187
gcp_us_east1,gcp,us-east1,upload,10,20,20,0,0.0,23.503451194992522,3.962026288361846,22.56393485001172,23.98715189001523,24.790002340011426,21.517450899991672,40.014100799977314,0.4326915987459137,0.4168898438082554,0.44318613746455393
gcp_us_east1,gcp,us-east1,upload,20,20,20,0,0.0,37.23544290499994,0.9636978392350662,37.02397590002511,38.5555024000234,38.98451883003582,35.734457699989434,39.14866039995104,0.5374605320184086,0.5187394897942414,0.5401908486659249
gcp_us_east1,gcp,us-east1,upload,40,20,20,0,0.0,65.47044848500809,1.3583961644079863,65.26818695003749,67.56555975002702,67.74390446000035,63.07532140001422,67.87790500000119,0.6112113545447411,0.5920180140479187,0.612859263527173
gcp_us_east1,gcp,us-east1,upload,60,20,20,0,0.0,93.87016040999443,1.2750011648564459,93.6790500000061,96.03343046997325,96.24005303500743,91.47220699995523,96.29301049996866,0.6392922013887751,0.6247827416399461,0.6404847256032823
gcp_us_east1,gcp,us-east1,upload,80,20,20,0,0.0,135.5959694799996,41.91102413981367,122.19581050000852,135.72281507002788,235.51364943496887,120.05402039998444,279.0370850000181,0.620753647709209,0.6108117267670166,0.6546883946010607
gcp_us_east1,gcp,us-east1,upload,100,20,20,0,0.0,161.4465844099963,49.548690810033676,150.1208218499669,155.0092766400019,167.0978974600266,146.99843979999423,371.7092729000142,0.6453420084486505,0.6451278360252878,0.666131532750356
gcp_us_west1,gcp,us-west1,download,1,20,20,0,0.0,7.429442155000288,0.3695662400036007,7.519395250012167,7.826086939964443,7.9173951649892835,6.589707000006456,7.963311799976509,0.1349272489590023,0.12777959142432307,0.13298949245697456
gcp_us_west1,gcp,us-west1,download,5,20,20,0,0.0,8.254410959992674,0.8655883031231845,7.98591014998965,9.244398450036535,10.209770289968583,7.446235999988858,10.819331899983808,0.6111369139339791,0.5414307448541026,0.6261059001389284
gcp_us_west1,gcp,us-west1,download,10,20,20,0,0.0,8.719179345000885,1.6641619538741546,8.322814449958969,8.757044440001485,10.248851360022677,7.70402030000696,15.542974499985576,1.1712948657576916,1.1441100813208123,1.2015240039691137
gcp_us_west1,gcp,us-west1,download,20,20,20,0,0.0,8.96070456499001,0.29671650824397605,8.990984150004806,9.232928399986122,9.335190204987883,8.127297099970747,9.350071099994238,2.2343854834466876,2.16618877415203,2.224527044603034
gcp_us_west1,gcp,us-west1,download,40,20,20,0,0.0,10.277606559995911,0.8149444575068439,10.206255650002277,10.692257699952462,11.340833444977763,8.987149599997792,13.060917599999812,3.912642030755914,3.7421070629581212,3.919255385291491
gcp_us_west1,gcp,us-west1,download,60,20,20,0,0.0,14.372991790011293,0.606856881467056,14.418879100005142,14.962909879983636,15.077820969955065,12.956237800070085,15.649066800018772,4.181723646799075,4.009929469763543,4.161225513628597
gcp_us_west1,gcp,us-west1,download,80,20,20,0,0.0,17.49445226500102,6.234297136867964,15.591067349974765,19.291660790017364,34.82352362998063,13.484768599970266,36.032433399988804,4.897030884961335,4.3273523245887615,5.131638273872936
gcp_us_west1,gcp,us-west1,download,100,20,20,0,0.0,18.286204644999817,3.0636512504465987,17.592390999983763,20.188190690020573,23.85069426001865,14.883391300041694,29.12764329998754,5.57699366577414,4.966892133199805,5.684672720232621
gcp_us_west1,gcp,us-west1,upload,1,20,20,0,0.0,8.05200732999656,0.24199774874842403,8.06267944999854,8.386624490004033,8.39536873497418,7.5396328999777324,8.41963240003679,0.12430035465628664,0.11923749408439707,0.12403006649900036
gcp_us_west1,gcp,us-west1,upload,5,20,20,0,0.0,8.782589205008117,0.6473795654463661,8.727826699992875,9.909514610021143,9.952654209992033,7.7786063000094146,10.419839700043667,0.5720794148399705,0.5045657774850587,0.5728806454344084
gcp_us_west1,gcp,us-west1,upload,10,20,20,0,0.0,23.00099777499854,1.0213920383014163,22.575707200012403,24.167061639967145,25.22491013496765,22.09744939999655,25.773988000000827,0.4355299029880103,0.4138666610007675,0.4429545584631288
gcp_us_west1,gcp,us-west1,upload,20,20,20,0,0.0,37.00669816999871,0.8404103957539851,36.90685734996805,37.73600981000927,38.02160830996873,35.68047279998427,39.26288990001194,0.5407040389847069,0.5299997382993853,0.541904727430518
gcp_us_west1,gcp,us-west1,upload,40,20,20,0,0.0,74.22478944499744,27.524492681562943,65.43597520000185,79.70159901998713,135.18269542001366,63.07836169999791,171.5226145000197,0.5764987364862071,0.5181528336464828,0.611284743786507
gcp_us_west1,gcp,us-west1,upload,60,20,20,0,0.0,100.12912874998582,29.074544183135124,93.30044140000246,96.52237642998226,106.60647934998278,91.72274080000352,223.35860179999145,0.6223918635154412,0.6217285508933628,0.6430838338518912
gcp_us_west1,gcp,us-west1,upload,80,20,20,0,0.0,127.56535499499587,28.02525872635882,121.51037315002759,123.36789536998259,130.57837303496208,119.38653770001838,246.5163584999973,0.6428113481175656,0.6484726979046231,0.658380564476943
gcp_us_west1,gcp,us-west1,upload,100,20,20,0,0.0,153.83359910999715,16.665190758368883,149.1110513000167,153.875288610009,159.50750572499823,147.34908250003355,223.99632390000625,0.6551991361907276,0.649892009888051,0.670641131342638
