query_id,workflow,quality_level,video_size_mb,video_duration_sec,fps,sla_sec
workflow1_Q1_q0000,workflow1,Q1,126.3931116904825,758.358670142895,30.0,1629.7365797476405
workflow1_Q1_q0001,workflow1,Q1,269.7341156012721,1618.4046936076325,30.0,2117.095993044325
workflow1_Q1_q0002,workflow1,Q1,204.76771456819904,1228.6062874091942,30.0,1896.2102295318768
workflow1_Q1_q0003,workflow1,Q1,78.92092537457322,473.52555224743935,30.0,1468.331146273549
workflow1_Q1_q0004,workflow1,Q1,257.3065275932547,1543.839165559528,30.0,2074.842193817066
workflow1_Q1_q0005,workflow1,Q1,110.92911278875916,665.574676732555,30.0,1577.1589834817812
workflow1_Q1_q0006,workflow1,Q1,257.4699546317772,1544.8197277906634,30.0,2075.3978457480425
workflow1_Q1_q0007,workflow1,Q1,96.69365882448261,580.1619529468957,30.0,1528.7584400032408
workflow1_Q1_q0008,workflow1,Q1,181.19287275611322,1087.1572365366792,30.0,1816.055767370785
workflow1_Q1_q0009,workflow1,Q1,125.11261964687188,750.6757178812313,30.0,1625.3829067993645
workflow1_Q1_q0010,workflow1,Q1,89.69926471896943,538.1955883138166,30.0,1504.977500044496
workflow1_Q1_q0011,workflow1,Q1,267.10169302984207,1602.6101581790524,30.0,2108.1457563014633
workflow1_Q1_q0012,workflow1,Q1,64.40216776245249,386.4130065747149,30.0,1418.9673703923386
workflow1_Q1_q0013,workflow1,Q1,34.59536145837129,207.57216875022777,30.0,1317.6242289584625
workflow1_Q1_q0014,workflow1,Q1,109.15881217824152,654.9528730694491,30.0,1571.139961406021
workflow1_Q1_q0015,workflow1,Q1,218.11535281605458,1308.6921168963274,30.0,1941.5921995745855
workflow1_Q1_q0016,workflow1,Q1,244.15516573312172,1464.9309943987303,30.0,2030.127563492614
workflow1_Q1_q0017,workflow1,Q1,299.6355773193618,1797.8134639161708,30.0,2218.76096288583
workflow1_Q1_q0018,workflow1,Q1,95.94499653323783,575.669979199427,30.0,1526.2129882130087
workflow1_Q1_q0019,workflow1,Q1,128.30316582807183,769.818994968431,30.0,1636.2307638154443
workflow1_Q1_q0020,workflow1,Q1,49.67817062859162,298.0690237715497,30.0,1368.9057801372117
workflow1_Q1_q0021,workflow1,Q1,176.71285959067973,1060.2771575440784,30.0,1800.823722608311
workflow1_Q1_q0022,workflow1,Q1,299.298210806246,1795.789264837476,30.0,2217.6139167412366
workflow1_Q1_q0023,workflow1,Q1,213.25549293499094,1279.5329576099457,30.0,1925.0686759789692
workflow1_Q1_q0024,workflow1,Q1,182.6117237198778,1095.6703423192669,30.0,1820.8798606475846
workflow1_Q1_q0025,workflow1,Q1,123.78703694732026,742.7222216839216,30.0,1620.875925620889
workflow1_Q1_q0026,workflow1,Q1,275.43664048281084,1652.6198428968653,30.0,2136.484577641557
workflow1_Q1_q0027,workflow1,Q1,154.10581287780136,924.6348772668081,30.0,1723.9597637845245
workflow1_Q1_q0028,workflow1,Q1,48.96640486078783,293.798429164727,30.0,1366.4857765266786
workflow1_Q1_q0029,workflow1,Q1,115.95975432774871,695.7585259664922,30.0,1594.2631647143457
workflow1_Q1_q0030,workflow1,Q1,29.4783339658524,176.8700037951144,30.0,1300.226335483898
workflow1_Q1_q0031,workflow1,Q1,68.57392092974665,411.4435255784799,30.0,1433.1513311611386
workflow1_Q1_q0032,workflow1,Q1,15.123946489974537,90.74367893984723,30.0,1251.4214180659135
workflow1_Q1_q0033,workflow1,Q1,141.45117578504738,848.7070547102843,30.0,1680.933997669161
workflow1_Q1_q0034,workflow1,Q1,194.01667683602116,1164.100061016127,30.0,1859.6567012424719
workflow1_Q1_q0035,workflow1,Q1,109.55481408988325,657.3288845392995,30.0,1572.4863679056032
workflow1_Q1_q0036,workflow1,Q1,131.91071373653037,791.4642824191822,30.0,1648.4964267042033
workflow1_Q1_q0037,workflow1,Q1,288.170689124927,1729.024134749562,30.0,2179.780343024752
workflow1_Q1_q0038,workflow1,Q1,228.06930525672553,1368.415831540353,30.0,1975.435637872867
workflow1_Q1_q0039,workflow1,Q1,166.84842471403587,1001.0905482842152,30.0,1767.284644027722
workflow1_Q1_q0040,workflow1,Q1,92.51685378242932,555.1011226945759,30.0,1514.5573028602598
workflow1_Q1_q0041,workflow1,Q1,270.12907164416856,1620.7744298650116,30.0,2118.4388435901733
workflow1_Q1_q0042,workflow1,Q1,78.17816389539124,469.0689833723475,30.0,1465.8057572443302
workflow1_Q1_q0043,workflow1,Q1,104.34939184983635,626.0963510990181,30.0,1554.7879322894435
workflow1_Q1_q0044,workflow1,Q1,273.62879618265504,1641.7727770959305,30.0,2130.337907021027
workflow1_Q1_q0045,workflow1,Q1,163.56719603267098,981.4031761960259,30.0,1756.1284665110813
workflow1_Q1_q0046,workflow1,Q1,225.27220533121326,1351.6332319872795,30.0,1965.925498126125
workflow1_Q1_q0047,workflow1,Q1,181.31599030749217,1087.895941844953,30.0,1816.4743670454734
workflow1_Q1_q0048,workflow1,Q1,199.4973706127536,1196.9842236765217,30.0,1878.2910600833623
workflow1_Q1_q0049,workflow1,Q1,96.82115453929941,580.9269272357965,30.0,1529.191925433618
workflow1_Q1_q0050,workflow1,Q1,79.99789787173225,479.9873872303935,30.0,1471.9928527638897
workflow1_Q1_q0051,workflow1,Q1,103.52278067891292,621.1366840734776,30.0,1551.977454308304
workflow1_Q1_q0052,workflow1,Q1,55.07805358419251,330.4683215051551,30.0,1387.2653821862546
workflow1_Q1_q0053,workflow1,Q1,263.55116593433416,1581.3069956060049,30.0,2096.0739641767364
workflow1_Q1_q0054,workflow1,Q1,92.1416106425331,552.8496638551985,30.0,1513.2814761846125
workflow1_Q1_q0055,workflow1,Q1,172.83192438017156,1036.9915462810293,30.0,1787.6285428925833
workflow1_Q1_q0056,workflow1,Q1,239.67258329099846,1438.0354997459908,30.0,2014.886783189395
workflow1_Q1_q0057,workflow1,Q1,237.30899171895692,1423.8539503137415,30.0,2006.8505718444535
workflow1_Q1_q0058,workflow1,Q1,137.13201498941595,822.7920899364956,30.0,1666.2488509640143
workflow1_Q1_q0059,workflow1,Q1,148.11461949015043,888.6877169409026,30.0,1703.5897062665115
workflow1_Q1_q0060,workflow1,Q1,298.4635071911572,1790.7810431469431,30.0,2214.7759244499343
workflow1_Q1_q0061,workflow1,Q1,205.63326832391695,1233.7996099435018,30.0,1899.1531123013176
workflow1_Q1_q0062,workflow1,Q1,246.24514850418598,1477.4708910251159,30.0,2037.2335049142323
workflow1_Q1_q0063,workflow1,Q1,271.7406510735772,1630.4439064414635,30.0,2123.9182136501627
workflow1_Q1_q0064,workflow1,Q1,238.40105250650836,1430.4063150390502,30.0,2010.5635785221284
workflow1_Q1_q0065,workflow1,Q1,63.7020100365346,382.2120602192076,30.0,1416.5868341242176
workflow1_Q1_q0066,workflow1,Q1,173.02951278389594,1038.1770767033756,30.0,1788.3003434652462
workflow1_Q1_q0067,workflow1,Q1,39.54930562121802,237.2958337273081,30.0,1334.4676391121413
workflow1_Q1_q0068,workflow1,Q1,199.34741670355953,1196.0845002213573,30.0,1877.7812167921024
workflow1_Q1_q0069,workflow1,Q1,287.0513341744652,1722.308005046791,30.0,2175.974536193182
workflow1_Q1_q0070,workflow1,Q1,158.69229864703226,952.1537918821937,30.0,1739.5538153999098
workflow1_Q1_q0071,workflow1,Q1,135.5620229316525,813.3721375899149,30.0,1660.9108779676185
workflow1_Q1_q0072,workflow1,Q1,20.394397911267323,122.36638746760393,30.0,1269.340952898309
workflow1_Q1_q0073,workflow1,Q1,288.3346114754739,1730.0076688528434,30.0,2180.337679016611
workflow1_Q1_q0074,workflow1,Q1,39.87077839774605,239.22467038647628,30.0,1335.5606465523365
workflow1_Q1_q0075,workflow1,Q1,21.912937058405614,131.47762235043368,30.0,1274.503985998579
workflow1_Q1_q0076,workflow1,Q1,81.35931733643216,488.15590401859293,30.0,1476.6216789438695
workflow1_Q1_q0077,workflow1,Q1,29.003825836330904,174.02295501798542,30.0,1298.613007843525
workflow1_Q1_q0078,workflow1,Q1,141.98417429941108,851.9050457964664,30.0,1682.7461926179978
workflow1_Q1_q0079,workflow1,Q1,159.6654623645626,957.9927741873756,30.0,1742.8625720395128
workflow1_Q1_q0080,workflow1,Q1,100.64528521828935,603.871711309736,30.0,1542.1939697421838
workflow1_Q1_q0081,workflow1,Q1,24.778539946716958,148.67123968030174,30.0,1284.2470358188375
workflow1_Q1_q0082,workflow1,Q1,42.36410679227574,254.18464075365446,30.0,1344.0379630937375
workflow1_Q1_q0083,workflow1,Q1,121.50626961707916,729.0376177024749,30.0,1613.121316698069
workflow1_Q1_q0084,workflow1,Q1,27.553250739695475,165.31950443817286,30.0,1293.6810525149644
workflow1_Q1_q0085,workflow1,Q1,212.4750204268749,1274.8501225612495,30.0,1922.4150694513746
workflow1_Q1_q0086,workflow1,Q1,70.03595704219548,420.21574225317283,30.0,1438.1222539434646
workflow1_Q1_q0087,workflow1,Q1,97.60075494725518,585.604529683531,30.0,1531.8425668206678
workflow1_Q1_q0088,workflow1,Q1,124.29647538164828,745.7788522898896,30.0,1622.608016297604
workflow1_Q1_q0089,workflow1,Q1,130.8167935900529,784.9007615403174,30.0,1644.77709820618
workflow1_Q1_q0090,workflow1,Q1,10.481605225692155,62.889631354152925,30.0,1235.6374577673535
workflow1_Q1_q0091,workflow1,Q1,42.50040758962229,255.00244553773373,30.0,1344.5013858047157
workflow1_Q1_q0092,workflow1,Q1,260.20172348485465,1561.2103409091278,30.0,2084.6858598485055
workflow1_Q1_q0093,workflow1,Q1,10.357588128453358,62.145528770720155,30.0,1235.2157996367414
workflow1_Q1_q0094,workflow1,Q1,157.36853318573378,944.2111991144027,30.0,1735.053012831495
workflow1_Q1_q0095,workflow1,Q1,151.95558188709037,911.7334913225421,30.0,1716.6489784161072
workflow1_Q1_q0096,workflow1,Q1,106.59730669308496,639.5838401585098,30.0,1562.430842756489
workflow1_Q1_q0097,workflow1,Q1,135.0848358424704,810.5090150548224,30.0,1659.2884418643994
workflow1_Q1_q0098,workflow1,Q1,236.36852988270945,1418.2111792962567,30.0,2003.653001601212
workflow1_Q1_q0099,workflow1,Q1,253.94907480233735,1523.694448814024,30.0,2063.4268543279472
workflow2_Q1_q0000,workflow2,Q1,85.50107759042251,513.0064655425351,30.0,1490.7036638074364
workflow2_Q1_q0001,workflow2,Q1,103.52222788064165,621.1333672838499,30.0,1551.9755747941817
workflow2_Q1_q0002,workflow2,Q1,80.3200273782165,481.92016426929894,30.0,1473.088093085936
workflow2_Q1_q0003,workflow2,Q1,149.16038615980887,894.9623169588533,30.0,1707.14531294335
workflow2_Q1_q0004,workflow2,Q1,208.14492372105576,1248.8695423263346,30.0,1907.6927406515897
workflow2_Q1_q0005,workflow2,Q1,76.19333388439196,457.16000330635177,30.0,1459.0573352069327
workflow2_Q1_q0006,workflow2,Q1,105.91336519591133,635.480191175468,30.0,1560.1054416660986
workflow2_Q1_q0007,workflow2,Q1,279.8115391008536,1678.8692346051218,30.0,2151.3592329429025
workflow2_Q1_q0008,workflow2,Q1,24.08509405561784,144.51056433370704,30.0,1281.8893197891007
workflow2_Q1_q0009,workflow2,Q1,143.62318551947422,861.7391131168453,30.0,1688.3188307662124
workflow2_Q1_q0010,workflow2,Q1,216.35183206306556,1298.1109923783933,30.0,1935.5962290144228
workflow2_Q1_q0011,workflow2,Q1,53.631663351667484,321.7899801100049,30.0,1382.3476553956696
workflow2_Q1_q0012,workflow2,Q1,23.738465801589737,142.4307948095384,30.0,1280.710783725405
workflow2_Q1_q0013,workflow2,Q1,50.07955777517392,300.4773466510435,30.0,1370.2704964355914
workflow2_Q1_q0014,workflow2,Q1,276.45872612389803,1658.7523567433882,30.0,2139.959668821253
workflow2_Q1_q0015,workflow2,Q1,12.68533672812579,76.11202036875474,30.0,1243.1301448756278
workflow2_Q1_q0016,workflow2,Q1,64.61337269529204,387.6802361717522,30.0,1419.685467163993
workflow2_Q1_q0017,workflow2,Q1,19.072218741476917,114.43331244886151,30.0,1264.8455437210216
workflow2_Q1_q0018,workflow2,Q1,42.08254559303895,252.4952735582337,30.0,1343.0806550163325
workflow2_Q1_q0019,workflow2,Q1,189.84329312220592,1139.0597587332354,30.0,1845.4671966155001
workflow2_Q1_q0020,workflow2,Q1,80.07528353433487,480.45170120600926,30.0,1472.2559640167385
workflow2_Q1_q0021,workflow2,Q1,175.07149462489625,1050.4289677493775,30.0,1795.2430817246473
workflow2_Q1_q0022,workflow2,Q1,181.15666100217658,1086.9399660130596,30.0,1815.9326474074003
workflow2_Q1_q0023,workflow2,Q1,256.3362465960359,1538.0174795762155,30.0,2071.543238426522
workflow2_Q1_q0024,workflow2,Q1,11.375003944443439,68.25002366666062,30.0,1238.6750134111078
workflow2_Q1_q0025,workflow2,Q1,257.4771432092864,1544.8628592557181,30.0,2075.422286911574
workflow2_Q1_q0026,workflow2,Q1,189.54453506382248,1137.2672103829348,30.0,1844.4514192169963
workflow2_Q1_q0027,workflow2,Q1,57.1956109704377,343.1736658226262,30.0,1394.465077299488
workflow2_Q1_q0028,workflow2,Q1,234.15184255923236,1404.9110553553942,30.0,1996.11626470139
workflow2_Q1_q0029,workflow2,Q1,258.09254711926985,1548.5552827156191,30.0,2077.5146602055174
workflow2_Q1_q0030,workflow2,Q1,83.73641028870563,502.4184617322337,30.0,1484.7037949815992
workflow2_Q1_q0031,workflow2,Q1,276.4501674617775,1658.7010047706647,30.0,2139.9305693700435
workflow2_Q1_q0032,workflow2,Q1,141.79265478661077,850.7559287196646,30.0,1682.0950262744766
workflow2_Q1_q0033,workflow2,Q1,184.99309175666323,1109.9585505399793,30.0,1828.976511972655
workflow2_Q1_q0034,workflow2,Q1,295.5483647491166,1773.2901884946998,30.0,2204.8644401469965
workflow2_Q1_q0035,workflow2,Q1,114.84546280536782,689.0727768322068,30.0,1590.4745735382508
workflow2_Q1_q0036,workflow2,Q1,245.81621028783272,1474.8972617269962,30.0,2035.7751149786313
workflow2_Q1_q0037,workflow2,Q1,102.33574417025329,614.0144650215198,30.0,1547.941530178861
workflow2_Q1_q0038,workflow2,Q1,241.77192145003238,1450.6315287001944,30.0,2022.0245329301101
workflow2_Q1_q0039,workflow2,Q1,184.21283647016634,1105.277018820998,30.0,1826.3236439985656
workflow2_Q1_q0040,workflow2,Q1,72.74315161536643,436.4589096921985,30.0,1447.326715492246
workflow2_Q1_q0041,workflow2,Q1,130.06756719887855,780.4054031932714,30.0,1642.2297284761871
workflow2_Q1_q0042,workflow2,Q1,102.1143339654329,612.6860037925974,30.0,1547.188735482472
workflow2_Q1_q0043,workflow2,Q1,32.65143399330553,195.90860395983316,30.0,1311.0148755772389
workflow2_Q1_q0044,workflow2,Q1,18.65208332891227,111.91249997347362,30.0,1263.4170833183018
workflow2_Q1_q0045,workflow2,Q1,110.47881006808247,662.8728604084948,30.0,1575.6279542314803
workflow2_Q1_q0046,workflow2,Q1,15.519902867071107,93.11941720242665,30.0,1252.7676697480417
workflow2_Q1_q0047,workflow2,Q1,57.99144969871476,347.94869819228853,30.0,1397.1709289756302
workflow2_Q1_q0048,workflow2,Q1,220.30316304675193,1321.8189782805116,30.0,1949.0307543589565
workflow2_Q1_q0049,workflow2,Q1,215.3464583482405,1292.078750089443,30.0,1932.1779583840175
workflow2_Q1_q0050,workflow2,Q1,224.18831207264094,1345.1298724358458,30.0,1962.2402610469792
workflow2_Q1_q0051,workflow2,Q1,101.97441962769383,611.8465177661631,30.0,1546.713026734159
workflow2_Q1_q0052,workflow2,Q1,268.1056425641317,1608.6338553847902,30.0,2111.5591847180476
workflow2_Q1_q0053,workflow2,Q1,182.21085892824982,1093.2651535694988,30.0,1819.5169203560495
workflow2_Q1_q0054,workflow2,Q1,46.547639106521686,279.28583463913014,30.0,1358.2619729621738
workflow2_Q1_q0055,workflow2,Q1,51.678411822104906,310.0704709326294,30.0,1375.7066001951566
workflow2_Q1_q0056,workflow2,Q1,210.99767380961342,1265.9860428576806,30.0,1917.3920909526855
workflow2_Q1_q0057,workflow2,Q1,60.15374156820263,360.9224494092158,30.0,1404.5227213318888
workflow2_Q1_q0058,workflow2,Q1,157.11488345879255,942.6893007527553,30.0,1734.1906037598947
workflow2_Q1_q0059,workflow2,Q1,297.61459801932614,1785.6875881159567,30.0,2211.8896332657087
workflow2_Q1_q0060,workflow2,Q1,11.162205372668454,66.97323223601073,30.0,1237.9514982670726
workflow2_Q1_q0061,workflow2,Q1,14.808142550291507,88.84885530174904,30.0,1250.347684670991
workflow2_Q1_q0062,workflow2,Q1,297.9945287598469,1787.9671725590813,30.0,2213.181397783479
workflow2_Q1_q0063,workflow2,Q1,179.54526189890802,1077.271571393448,30.0,1810.4538904562871
workflow2_Q1_q0064,workflow2,Q1,46.80389290036881,280.8233574022128,30.0,1359.133235861254
workflow2_Q1_q0065,workflow2,Q1,270.21763792868717,1621.305827572123,30.0,2118.7399689575363
workflow2_Q1_q0066,workflow2,Q1,265.3102870370308,1591.8617222221844,30.0,2102.0549759259043
workflow2_Q1_q0067,workflow2,Q1,165.4981198022988,992.9887188137928,30.0,1762.693607327816
workflow2_Q1_q0068,workflow2,Q1,190.3196886596194,1141.9181319577165,30.0,1847.0869414427061
workflow2_Q1_q0069,workflow2,Q1,89.22428553525414,535.3457132115249,30.0,1503.362570819864
workflow2_Q1_q0070,workflow2,Q1,24.650711947881497,147.90427168728897,30.0,1283.8124206227972
workflow2_Q1_q0071,workflow2,Q1,182.42460657835068,1094.547639470104,30.0,1820.2436623663923
workflow2_Q1_q0072,workflow2,Q1,95.47900602880127,572.8740361728076,30.0,1524.6286204979244
workflow2_Q1_q0073,workflow2,Q1,202.45010353150204,1214.7006211890123,30.0,1888.330352007107
workflow2_Q1_q0074,workflow2,Q1,252.51110128435437,1515.0666077061262,30.0,2058.537744366805
workflow2_Q1_q0075,workflow2,Q1,15.266557735165577,91.59934641099346,30.0,1251.9062962995629
workflow2_Q1_q0076,workflow2,Q1,182.75699465886092,1096.5419679531656,30.0,1821.373781840127
workflow2_Q1_q0077,workflow2,Q1,77.07135650918715,462.4281390551229,30.0,1462.0426121312364
workflow2_Q1_q0078,workflow2,Q1,263.42766439210243,1580.5659863526143,30.0,2095.654058933148
workflow2_Q1_q0079,workflow2,Q1,83.56270690293027,501.3762414175816,30.0,1484.1132034699629
workflow2_Q1_q0080,workflow2,Q1,187.12333863827132,1122.740031829628,30.0,1836.2193513701225
workflow2_Q1_q0081,workflow2,Q1,170.52684362598734,1023.1610617559239,30.0,1779.791268328357
workflow2_Q1_q0082,workflow2,Q1,124.88828501718218,749.3297101030931,30.0,1624.6201690584194
workflow2_Q1_q0083,workflow2,Q1,206.5100214439403,1239.0601286636418,30.0,1902.134072909397
workflow2_Q1_q0084,workflow2,Q1,220.47319406747584,1322.839164404855,30.0,1949.608859829418
workflow2_Q1_q0085,workflow2,Q1,174.41196064262218,1046.4717638557331,30.0,1793.0006661849154
workflow2_Q1_q0086,workflow2,Q1,229.9424487835787,1379.6546927014722,30.0,1981.8043258641676
workflow2_Q1_q0087,workflow2,Q1,295.1909520379519,1771.1457122277113,30.0,2203.6492369290363
workflow2_Q1_q0088,workflow2,Q1,131.58899249123348,789.533954947401,30.0,1647.402574470194
workflow2_Q1_q0089,workflow2,Q1,159.22908504680396,955.3745102808238,30.0,1741.3788891591335
workflow2_Q1_q0090,workflow2,Q1,13.61626460295184,81.69758761771104,30.0,1246.2952996500362
workflow2_Q1_q0091,workflow2,Q1,240.84828133000974,1445.0896879800584,30.0,2018.884156522033
workflow2_Q1_q0092,workflow2,Q1,160.86671944333824,965.2003166600293,30.0,1746.94684610735
workflow2_Q1_q0093,workflow2,Q1,128.3088148045639,769.8528888273835,30.0,1636.2499703355172
workflow2_Q1_q0094,workflow2,Q1,37.28086929592478,223.6852157755487,30.0,1326.7549556061442
workflow2_Q1_q0095,workflow2,Q1,268.0003622858652,1608.0021737151912,30.0,2111.201231771942
workflow2_Q1_q0096,workflow2,Q1,124.55209961176136,747.3125976705682,30.0,1623.4771386799887
workflow2_Q1_q0097,workflow2,Q1,207.9486634806739,1247.6919808840435,30.0,1907.0254558342913
workflow2_Q1_q0098,workflow2,Q1,53.31850534676373,319.91103208058234,30.0,1381.2829181789966
workflow2_Q1_q0099,workflow2,Q1,288.84939256689944,1733.0963554013965,30.0,2182.087934727458
workflow1_Q2_q0000,workflow1,Q2,61.748110928330966,370.4886655699858,30.0,1057.4576828672439
workflow1_Q2_q0001,workflow1,Q2,67.86717794085222,407.20306764511326,30.0,1073.061303749173
workflow1_Q2_q0002,workflow1,Q2,259.10502956173696,1554.630177370422,30.0,1560.7178253824295
workflow1_Q2_q0003,workflow1,Q2,274.64899580116,1647.8939748069602,30.0,1600.354939292958
workflow1_Q2_q0004,workflow1,Q2,71.52274818175741,429.13648909054444,30.0,1082.3830078634815
workflow1_Q2_q0005,workflow1,Q2,146.2422575707001,877.4535454242006,30.0,1272.917756805285
workflow1_Q2_q0006,workflow1,Q2,222.71352232322067,1336.281133939324,30.0,1467.9194819242127
workflow1_Q2_q0007,workflow1,Q2,264.7260628051325,1588.356376830795,30.0,1575.0514601530876
workflow1_Q2_q0008,workflow1,Q2,119.92528156081852,719.5516893649111,30.0,1205.8094679800872
workflow1_Q2_q0009,workflow1,Q2,159.9356511863345,959.6139071180069,30.0,1307.835910525153
workflow1_Q2_q0010,workflow1,Q2,225.09775905072314,1350.5865543043387,30.0,1473.999285579344
workflow1_Q2_q0011,workflow1,Q2,222.02943322931065,1332.176599375864,30.0,1466.1750547347422
workflow1_Q2_q0012,workflow1,Q2,237.05843770756462,1422.3506262453877,30.0,1504.4990161542896
workflow1_Q2_q0013,workflow1,Q2,175.28080740604264,1051.6848444362558,30.0,1346.9660588854088
workflow1_Q2_q0014,workflow1,Q2,40.33837807338482,242.03026844030887,30.0,1002.8628640871312
workflow1_Q2_q0015,workflow1,Q2,272.1522543546316,1632.9135261277897,30.0,1593.9882486043107
workflow1_Q2_q0016,workflow1,Q2,261.01603640309816,1566.096218418589,30.0,1565.5908928279005
workflow1_Q2_q0017,workflow1,Q2,241.4482563873166,1448.6895383238996,30.0,1515.6930537876574
workflow1_Q2_q0018,workflow1,Q2,38.960118376611554,233.7607102596693,30.0,999.3483018603595
workflow1_Q2_q0019,workflow1,Q2,69.27523645361447,415.6514187216868,30.0,1076.651852956717
workflow1_Q2_q0020,workflow1,Q2,225.64410588121905,1353.8646352873143,30.0,1475.3924699971085
workflow1_Q2_q0021,workflow1,Q2,16.710627428764468,100.2637645725868,30.0,942.6120999433492
workflow1_Q2_q0022,workflow1,Q2,293.9751437751111,1763.8508626506666,30.0,1649.6366166265334
workflow1_Q2_q0023,workflow1,Q2,119.3719573031474,716.2317438188844,30.0,1204.398491123026
workflow1_Q2_q0024,workflow1,Q2,218.60063477033884,1311.603808622033,30.0,1457.4316186643641
workflow1_Q2_q0025,workflow1,Q2,267.3956156615326,1604.3736939691953,30.0,1581.858819936908
workflow1_Q2_q0026,workflow1,Q2,124.44266756352386,746.6560053811431,30.0,1217.328802286986
workflow1_Q2_q0027,workflow1,Q2,102.54842169390315,615.2905301634189,30.0,1161.498475319453
workflow1_Q2_q0028,workflow1,Q2,186.53492738049155,1119.2095642829493,30.0,1375.6640648202533
workflow1_Q2_q0029,workflow1,Q2,178.4869183869347,1070.9215103216081,30.0,1355.1416418866834
workflow1_Q2_q0030,workflow1,Q2,128.65059351119118,771.903561067147,30.0,1228.0590134535375
workflow1_Q2_q0031,workflow1,Q2,184.5146792016355,1107.0880752098128,30.0,1370.5124319641704
workflow1_Q2_q0032,workflow1,Q2,281.2605971742835,1687.5635830457009,30.0,1617.2145227944227
workflow1_Q2_q0033,workflow1,Q2,145.61567442171298,873.6940465302779,30.0,1271.319969775368
workflow1_Q2_q0034,workflow1,Q2,67.05523241768307,402.3313945060985,30.0,1070.9908426650918
workflow1_Q2_q0035,workflow1,Q2,119.38973503607113,716.3384102164267,30.0,1204.4438243419813
workflow1_Q2_q0036,workflow1,Q2,124.2910249520044,745.7461497120264,30.0,1216.9421136276112
workflow1_Q2_q0037,workflow1,Q2,48.02152097760376,288.12912586562254,30.0,1022.4548784928895
workflow1_Q2_q0038,workflow1,Q2,57.232735160820916,343.3964109649255,30.0,1045.9434746600932
workflow1_Q2_q0039,workflow1,Q2,208.5230012841664,1251.1380077049985,30.0,1431.7336532746244
workflow1_Q2_q0040,workflow1,Q2,108.44854872058177,650.6912923234906,30.0,1176.5437992374834
workflow1_Q2_q0041,workflow1,Q2,286.9205336381842,1721.5232018291051,30.0,1631.6473607773698
workflow1_Q2_q0042,workflow1,Q2,80.64305615399616,483.85833692397694,30.0,1105.6397931926901
workflow1_Q2_q0043,workflow1,Q2,38.68810648039847,232.12863888239082,30.0,998.654671525016
workflow1_Q2_q0044,workflow1,Q2,228.51632327007482,1371.0979396204489,30.0,1482.7166243386907
workflow1_Q2_q0045,workflow1,Q2,265.5004550561823,1593.002730337094,30.0,1577.026160393265
workflow1_Q2_q0046,workflow1,Q2,90.65287349273149,543.9172409563889,30.0,1131.1648274064653
workflow1_Q2_q0047,workflow1,Q2,68.60554947718862,411.63329686313165,30.0,1074.944151166831
workflow1_Q2_q0048,workflow1,Q2,63.872179112615285,383.2330746756917,30.0,1062.874056737169
workflow1_Q2_q0049,workflow1,Q2,161.38356739628858,968.3014043777315,30.0,1311.5280968605357
workflow1_Q2_q0050,workflow1,Q2,145.84082596156355,875.0449557693814,30.0,1271.894106201987
workflow1_Q2_q0051,workflow1,Q2,85.23755355781492,511.4253213468896,30.0,1117.355761572428
workflow1_Q2_q0052,workflow1,Q2,23.100203926933656,138.60122356160193,30.0,958.9055200136809
workflow1_Q2_q0053,workflow1,Q2,149.63248869462143,897.7949321677285,30.0,1281.5628461712847
workflow1_Q2_q0054,workflow1,Q2,288.20638081432645,1729.2382848859586,30.0,1634.9262710765324
workflow1_Q2_q0055,workflow1,Q2,199.23056821827234,1195.383409309634,30.0,1408.0379489565944
workflow1_Q2_q0056,workflow1,Q2,153.69690142229933,922.181408533796,30.0,1291.9270986268632
workflow1_Q2_q0057,workflow1,Q2,42.100701468588674,252.60420881153203,30.0,1007.356788744901
workflow1_Q2_q0058,workflow1,Q2,83.2065242593803,499.23914555628187,30.0,1112.1766368614199
workflow1_Q2_q0059,workflow1,Q2,95.48444537661739,572.9066722597044,30.0,1143.4853357103743
workflow1_Q2_q0060,workflow1,Q2,231.79303025609795,1390.7581815365877,30.0,1491.0722271530499
workflow1_Q2_q0061,workflow1,Q2,264.2461312067396,1585.4767872404377,30.0,1573.827634577186
workflow1_Q2_q0062,workflow1,Q2,271.47613753426714,1628.856825205603,30.0,1592.264150712381
workflow1_Q2_q0063,workflow1,Q2,295.5248963927187,1773.1493783563121,30.0,1653.5884858014329
workflow1_Q2_q0064,workflow1,Q2,294.8863381003144,1769.3180286018865,30.0,1651.9601621558018
workflow1_Q2_q0065,workflow1,Q2,286.36974850271463,1718.2184910162878,30.0,1630.2428586819224
workflow1_Q2_q0066,workflow1,Q2,30.82842074583647,184.97052447501883,30.0,978.612472901883
workflow1_Q2_q0067,workflow1,Q2,49.9601254190635,299.760752514381,30.0,1027.398319818612
workflow1_Q2_q0068,workflow1,Q2,98.29529267804955,589.7717560682972,30.0,1150.6529963290263
workflow1_Q2_q0069,workflow1,Q2,170.34049367869383,1022.0429620721629,30.0,1334.3682588806691
workflow1_Q2_q0070,workflow1,Q2,38.123587724588994,228.74152634753398,30.0,997.2151486977019
workflow1_Q2_q0071,workflow1,Q2,255.2811177626213,1531.6867065757278,30.0,1550.9668502946843
workflow1_Q2_q0072,workflow1,Q2,188.85929193241964,1133.1557515945178,30.0,1381.59119442767
workflow1_Q2_q0073,workflow1,Q2,167.28567666763945,1003.7140600058366,30.0,1326.5784755024806
workflow1_Q2_q0074,workflow1,Q2,57.940283776514434,347.6417026590866,30.0,1047.7477236301118
workflow1_Q2_q0075,workflow1,Q2,83.44408757605723,500.6645254563434,30.0,1112.7824233189458
workflow1_Q2_q0076,workflow1,Q2,56.49048724485483,338.942923469129,30.0,1044.0507424743798
workflow1_Q2_q0077,workflow1,Q2,257.0606157604916,1542.3636945629496,30.0,1555.5045701892536
workflow1_Q2_q0078,workflow1,Q2,179.42607941775327,1076.5564765065196,30.0,1357.5365025152707
workflow1_Q2_q0079,workflow1,Q2,223.18753398069367,1339.1252038841621,30.0,1469.128211650769
workflow1_Q2_q0080,workflow1,Q2,95.84953024390745,575.0971814634447,30.0,1144.416302121964
workflow1_Q2_q0081,workflow1,Q2,117.66326475560038,705.9795885336023,30.0,1200.041325126781
workflow1_Q2_q0082,workflow1,Q2,127.40793968369479,764.4476381021688,30.0,1224.8902461934217
workflow1_Q2_q0083,workflow1,Q2,230.4043418057701,1382.4260508346206,30.0,1487.5310716047138
workflow1_Q2_q0084,workflow1,Q2,233.98236642562472,1403.8941985537483,30.0,1496.655034385343
workflow1_Q2_q0085,workflow1,Q2,69.9759229790692,419.8555378744152,30.0,1078.4386035966265
workflow1_Q2_q0086,workflow1,Q2,283.04626845404874,1698.2776107242923,30.0,1621.7679845578243
workflow1_Q2_q0087,workflow1,Q2,44.99004785866905,269.9402871520143,30.0,1014.7246220396062
workflow1_Q2_q0088,workflow1,Q2,269.8754039028528,1619.2524234171167,30.0,1588.1822799522747
workflow1_Q2_q0089,workflow1,Q2,39.11473723844469,234.68842343066817,30.0,999.7425799580338
workflow1_Q2_q0090,workflow1,Q2,86.71654523388021,520.2992714032813,30.0,1121.1271903463944
workflow1_Q2_q0091,workflow1,Q2,255.47877545970752,1532.872652758245,30.0,1551.470877422254
workflow1_Q2_q0092,workflow1,Q2,62.05270098036536,372.31620588219215,30.0,1058.2343874999317
workflow1_Q2_q0093,workflow1,Q2,129.93470007989123,779.6082004793475,30.0,1231.3334852037224
workflow1_Q2_q0094,workflow1,Q2,140.4591969837966,842.7551819027796,30.0,1258.1709523086813
workflow1_Q2_q0095,workflow1,Q2,81.12510217673079,486.7506130603848,30.0,1106.8690105506635
workflow1_Q2_q0096,workflow1,Q2,215.97110838743612,1295.8266503246166,30.0,1450.7263263879622
workflow1_Q2_q0097,workflow1,Q2,256.8870483266391,1541.3222899598347,30.0,1555.0619732329299
workflow1_Q2_q0098,workflow1,Q2,263.6267905581158,1581.7607433486949,30.0,1572.2483159231952
workflow1_Q2_q0099,workflow1,Q2,108.40342226360266,650.420533581616,30.0,1176.4287267721866
workflow2_Q2_q0000,workflow2,Q2,163.9466143434662,983.6796860607972,30.0,1318.0638665758388
workflow2_Q2_q0001,workflow2,Q2,82.03785712103893,492.2271427262336,30.0,1109.1965356586493
workflow2_Q2_q0002,workflow2,Q2,80.99098544954218,485.94591269725305,30.0,1106.5270128963325
workflow2_Q2_q0003,workflow2,Q2,56.763678227057994,340.58206936234797,30.0,1044.7473794789978
workflow2_Q2_q0004,workflow2,Q2,282.60551313417926,1695.6330788050757,30.0,1620.6440584921572
workflow2_Q2_q0005,workflow2,Q2,267.51676029561816,1605.1005617737092,30.0,1582.1677387538266
workflow2_Q2_q0006,workflow2,Q2,235.43402686503075,1412.6041611901844,30.0,1500.3567685058283
workflow2_Q2_q0007,workflow2,Q2,160.1218411734414,960.7310470406485,30.0,1308.3106949922756
workflow2_Q2_q0008,workflow2,Q2,152.27629549844286,913.6577729906571,30.0,1288.3045535210294
workflow2_Q2_q0009,workflow2,Q2,163.6262431929244,981.7574591575465,30.0,1317.2469201419572
workflow2_Q2_q0010,workflow2,Q2,165.6047239373559,993.6283436241354,30.0,1322.2920460402577
workflow2_Q2_q0011,workflow2,Q2,136.0232945623302,816.1397673739812,30.0,1246.859401133942
workflow2_Q2_q0012,workflow2,Q2,48.208901538699564,289.2534092321974,30.0,1022.9326989236838
workflow2_Q2_q0013,workflow2,Q2,46.442517331875436,278.6551039912526,30.0,1018.4284191962823
workflow2_Q2_q0014,workflow2,Q2,286.15241759524815,1716.914505571489,30.0,1629.6886648678828
workflow2_Q2_q0015,workflow2,Q2,149.78892028004165,898.73352168025,30.0,1281.961746714106
workflow2_Q2_q0016,workflow2,Q2,286.42960222250474,1718.5776133350287,30.0,1630.3954856673872
workflow2_Q2_q0017,workflow2,Q2,57.4372945359319,344.6237672155914,30.0,1046.4651010666264
workflow2_Q2_q0018,workflow2,Q2,170.78080009158074,1024.6848005494844,30.0,1335.4910402335308
workflow2_Q2_q0019,workflow2,Q2,70.23800347194639,421.4280208316783,30.0,1079.1069088534632
workflow2_Q2_q0020,workflow2,Q2,83.42353577671444,500.5412146602867,30.0,1112.730016230622
workflow2_Q2_q0021,workflow2,Q2,18.71582784074185,112.29496704445108,30.0,947.7253609938916
workflow2_Q2_q0022,workflow2,Q2,44.49646011466128,266.9787606879677,30.0,1013.4659732923863
workflow2_Q2_q0023,workflow2,Q2,275.8860382124668,1655.3162292748007,30.0,1603.50939744179
workflow2_Q2_q0024,workflow2,Q2,103.2445675298762,619.4674051792572,30.0,1163.2736472011843
workflow2_Q2_q0025,workflow2,Q2,186.35747145523155,1118.1448287313892,30.0,1375.2115522108404
workflow2_Q2_q0026,workflow2,Q2,144.85409827688918,869.124589661335,30.0,1269.3779506060675
workflow2_Q2_q0027,workflow2,Q2,126.13086112113072,756.7851667267843,30.0,1221.6336958588836
workflow2_Q2_q0028,workflow2,Q2,164.24696649035977,985.4817989421585,30.0,1318.8297645504174
workflow2_Q2_q0029,workflow2,Q2,64.29929393844904,385.79576363069424,30.0,1063.963199543045
workflow2_Q2_q0030,workflow2,Q2,296.6951305706772,1780.170783424063,30.0,1656.5725829552266
workflow2_Q2_q0031,workflow2,Q2,247.30928192412026,1483.8556915447216,30.0,1530.6386689065066
workflow2_Q2_q0032,workflow2,Q2,225.06824349213943,1350.4094609528365,30.0,1473.9240209049556
workflow2_Q2_q0033,workflow2,Q2,145.9401961340462,875.6411768042773,30.0,1272.147500141818
workflow2_Q2_q0034,workflow2,Q2,54.334365416637425,326.0061924998246,30.0,1038.5526318124255
workflow2_Q2_q0035,workflow2,Q2,276.99309889933465,1661.958593396008,30.0,1606.332402193303
workflow2_Q2_q0036,workflow2,Q2,109.002249540701,654.0134972442061,30.0,1177.9557363287877
workflow2_Q2_q0037,workflow2,Q2,24.530940012110793,147.18564007266477,30.0,962.5538970308826
workflow2_Q2_q0038,workflow2,Q2,109.29706627508232,655.7823976504939,30.0,1178.70751900146
workflow2_Q2_q0039,workflow2,Q2,240.39253884380645,1442.3552330628388,30.0,1513.0009740517066
workflow2_Q2_q0040,workflow2,Q2,190.58553604658033,1143.513216279482,30.0,1385.9931169187798
workflow2_Q2_q0041,workflow2,Q2,227.74318957600929,1366.4591374560557,30.0,1480.7451334188236
workflow2_Q2_q0042,workflow2,Q2,240.15426132008943,1440.9255679205367,30.0,1512.393366366228
workflow2_Q2_q0043,workflow2,Q2,71.46683721335735,428.8010232801441,30.0,1082.2404348940613
workflow2_Q2_q0044,workflow2,Q2,277.89716166702226,1667.3829700021336,30.0,1608.6377622509067
workflow2_Q2_q0045,workflow2,Q2,137.01698484690806,822.1019090814483,30.0,1249.3933113596154
workflow2_Q2_q0046,workflow2,Q2,195.31395828660774,1171.8837497196464,30.0,1398.0505936308498
workflow2_Q2_q0047,workflow2,Q2,10.669544050155181,64.01726430093109,30.0,927.2073373278959
workflow2_Q2_q0048,workflow2,Q2,298.0768645392417,1788.4611872354499,30.0,1660.0960045750662
workflow2_Q2_q0049,workflow2,Q2,91.45995192960498,548.7597115776299,30.0,1133.2228774204928
workflow2_Q2_q0050,workflow2,Q2,27.998300896645016,167.9898053798701,30.0,971.3956672864447
workflow2_Q2_q0051,workflow2,Q2,142.89599204558903,857.3759522735343,30.0,1264.384779716252
workflow2_Q2_q0052,workflow2,Q2,47.4187165827921,284.51229949675263,30.0,1020.9177272861199
workflow2_Q2_q0053,workflow2,Q2,54.174745945696955,325.0484756741817,30.0,1038.1456021615272
workflow2_Q2_q0054,workflow2,Q2,193.36201577876093,1160.1720946725657,30.0,1393.0731402358404
workflow2_Q2_q0055,workflow2,Q2,123.94894355536765,743.6936613322059,30.0,1216.0698060661875
workflow2_Q2_q0056,workflow2,Q2,277.33721054494856,1664.0232632696914,30.0,1607.2098868896187
workflow2_Q2_q0057,workflow2,Q2,102.55538343634032,615.3323006180419,30.0,1161.5162277626678
workflow2_Q2_q0058,workflow2,Q2,220.59223723133132,1323.553423387988,30.0,1462.510204939895
workflow2_Q2_q0059,workflow2,Q2,143.71883474492319,862.3130084695392,30.0,1266.483028599554
workflow2_Q2_q0060,workflow2,Q2,201.38587732749087,1208.3152639649452,30.0,1413.5339871851018
workflow2_Q2_q0061,workflow2,Q2,183.91165344763724,1103.4699206858234,30.0,1368.974716291475
workflow2_Q2_q0062,workflow2,Q2,147.10735210010947,882.6441126006569,30.0,1275.1237478552791
workflow2_Q2_q0063,workflow2,Q2,285.5177174410868,1713.1063046465206,30.0,1628.0701794747713
workflow2_Q2_q0064,workflow2,Q2,109.3869563989372,656.3217383936231,30.0,1178.93673881729
workflow2_Q2_q0065,workflow2,Q2,61.39829536228905,368.3897721737343,30.0,1056.565653173837
workflow2_Q2_q0066,workflow2,Q2,206.64727765515016,1239.883665930901,30.0,1426.9505580206328
workflow2_Q2_q0067,workflow2,Q2,255.34219277929355,1532.0531566757613,30.0,1551.1225915871987
workflow2_Q2_q0068,workflow2,Q2,21.67358458257789,130.04150749546736,30.0,955.2676406855736
workflow2_Q2_q0069,workflow2,Q2,140.39347964257735,842.3608778554642,30.0,1258.003373088572
workflow2_Q2_q0070,workflow2,Q2,268.8214300093246,1612.9285800559478,30.0,1585.4946465237776
workflow2_Q2_q0071,workflow2,Q2,227.3893994876316,1364.3363969257896,30.0,1479.8429686934605
workflow2_Q2_q0072,workflow2,Q2,297.6242377843122,1785.7454267058731,30.0,1658.9418063499959
workflow2_Q2_q0073,workflow2,Q2,164.11000536320068,984.6600321792041,30.0,1318.4805136761618
workflow2_Q2_q0074,workflow2,Q2,201.39875845233388,1208.3925507140032,30.0,1413.5668340534512
workflow2_Q2_q0075,workflow2,Q2,97.71928152999917,586.3156891799949,30.0,1149.1841679014979
workflow2_Q2_q0076,workflow2,Q2,284.7853239031378,1708.7119434188266,30.0,1626.2025759530013
workflow2_Q2_q0077,workflow2,Q2,116.23729168139553,697.4237500883731,30.0,1196.4050937875586
workflow2_Q2_q0078,workflow2,Q2,224.1681066791223,1345.0086400747339,30.0,1471.6286720317619
workflow2_Q2_q0079,workflow2,Q2,126.91065919453376,761.4639551672026,30.0,1223.622180946061
workflow2_Q2_q0080,workflow2,Q2,172.9274897182698,1037.5649383096188,30.0,1340.965098781588
workflow2_Q2_q0081,workflow2,Q2,218.7369351562484,1312.4216109374904,30.0,1457.7791846484333
workflow2_Q2_q0082,workflow2,Q2,157.59090400789273,945.5454240473564,30.0,1301.8568052201265
workflow2_Q2_q0083,workflow2,Q2,273.0550348037575,1638.3302088225448,30.0,1596.2903387495817
workflow2_Q2_q0084,workflow2,Q2,131.59728649906495,789.5837189943898,30.0,1235.5730805726157
workflow2_Q2_q0085,workflow2,Q2,197.6508214615643,1185.9049287693858,30.0,1404.0095947269888
workflow2_Q2_q0086,workflow2,Q2,109.2851056570157,655.7106339420942,30.0,1178.67701942539
workflow2_Q2_q0087,workflow2,Q2,128.36543378699378,770.1926027219627,30.0,1227.331856156834
workflow2_Q2_q0088,workflow2,Q2,137.61453138773018,825.6871883263811,30.0,1250.917055038712
workflow2_Q2_q0089,workflow2,Q2,46.48403531056272,278.9042118633763,30.0,1018.534290041935
workflow2_Q2_q0090,workflow2,Q2,36.59986692711194,219.59920156267165,30.0,993.3296606641356
workflow2_Q2_q0091,workflow2,Q2,203.5720777125598,1221.4324662753588,30.0,1419.1087981670275
workflow2_Q2_q0092,workflow2,Q2,200.10014411948518,1200.600864716911,30.0,1410.2553675046872
workflow2_Q2_q0093,workflow2,Q2,202.24381712092762,1213.4629027255658,30.0,1415.7217336583653
workflow2_Q2_q0094,workflow2,Q2,15.732269149380585,94.39361489628351,30.0,940.1172863309205
workflow2_Q2_q0095,workflow2,Q2,104.69858437481618,628.1915062488971,30.0,1166.9813901557814
workflow2_Q2_q0096,workflow2,Q2,67.3648557051671,404.18913423100264,30.0,1071.780382048176
workflow2_Q2_q0097,workflow2,Q2,235.6639125377636,1413.9834752265815,30.0,1500.9429769712972
workflow2_Q2_q0098,workflow2,Q2,259.58281640487775,1557.4968984292664,30.0,1561.936181832438
workflow2_Q2_q0099,workflow2,Q2,81.53730939558272,489.22385637349635,30.0,1107.920138958736
workflow1_Q3_q0000,workflow1,Q3,203.67625606591605,1222.0575363954963,30.0,1135.4995623744687
workflow1_Q3_q0001,workflow1,Q3,47.51521300289959,285.09127801739754,30.0,816.9310345259153
workflow1_Q3_q0002,workflow1,Q3,89.79423242449685,538.7653945469812,30.0,903.1802341459735
workflow1_Q3_q0003,workflow1,Q3,50.209803907691665,301.25882344614996,30.0,822.4279999716911
workflow1_Q3_q0004,workflow1,Q3,92.22102231377647,553.3261338826588,30.0,908.130885520104
workflow1_Q3_q0005,workflow1,Q3,205.6735987312906,1234.0415923877435,30.0,1139.574141411833
workflow1_Q3_q0006,workflow1,Q3,273.99480395372325,1643.9688237223393,30.0,1278.9494000655955
workflow1_Q3_q0007,workflow1,Q3,68.73149829801393,412.38898978808356,30.0,860.2122565279484
workflow1_Q3_q0008,workflow1,Q3,167.20292013570858,1003.2175208142514,30.0,1061.0939570768455
workflow1_Q3_q0009,workflow1,Q3,213.40341936059534,1280.420516163572,30.0,1155.3429754956144
workflow1_Q3_q0010,workflow1,Q3,286.34751586081404,1718.0850951648843,30.0,1304.1489323560606
workflow1_Q3_q0011,workflow1,Q3,186.9175400372804,1121.5052402236824,30.0,1101.3117816760519
workflow1_Q3_q0012,workflow1,Q3,83.9810099979404,503.8860599876424,30.0,891.3212603957983
workflow1_Q3_q0013,workflow1,Q3,191.3886655050415,1148.3319930302491,30.0,1110.4328776302846
workflow1_Q3_q0014,workflow1,Q3,102.94243688662469,617.6546213197481,30.0,930.0025712487144
workflow1_Q3_q0015,workflow1,Q3,293.07723330059525,1758.4633998035715,30.0,1317.8775559332141
workflow1_Q3_q0016,workflow1,Q3,125.90607919745469,755.4364751847281,30.0,976.8484015628075
workflow1_Q3_q0017,workflow1,Q3,208.77403902069415,1252.6442341241648,30.0,1145.899039602216
workflow1_Q3_q0018,workflow1,Q3,16.735998880559958,100.41599328335975,30.0,754.1414377163422
workflow1_Q3_q0019,workflow1,Q3,126.01781937907904,756.1069162744743,30.0,977.0763515333213
workflow1_Q3_q0020,workflow1,Q3,263.7812078635284,1582.6872471811703,30.0,1258.1136640415978
workflow1_Q3_q0021,workflow1,Q3,186.9659588856413,1121.7957533138479,30.0,1101.4105561267083
workflow1_Q3_q0022,workflow1,Q3,138.74343705483315,832.4606223289989,30.0,1003.0366115918595
workflow1_Q3_q0023,workflow1,Q3,281.42187483636053,1688.5312490181632,30.0,1294.1006246661752
workflow1_Q3_q0024,workflow1,Q3,257.65546908269647,1545.9328144961787,30.0,1245.6171569287008
workflow1_Q3_q0025,workflow1,Q3,103.4425454086521,620.6552724519125,30.0,931.0227926336502
workflow1_Q3_q0026,workflow1,Q3,167.9190365919885,1007.5142195519309,30.0,1062.5548346476564
workflow1_Q3_q0027,workflow1,Q3,152.0490342668142,912.2942056008851,30.0,1030.180029904301
workflow1_Q3_q0028,workflow1,Q3,193.33872503331008,1160.0323501998605,30.0,1114.4109990679526
workflow1_Q3_q0029,workflow1,Q3,106.89226741803913,641.3536045082348,30.0,938.0602255327997
workflow1_Q3_q0030,workflow1,Q3,80.81945022210759,484.9167013326456,30.0,884.8716784530995
workflow1_Q3_q0031,workflow1,Q3,274.67483222410544,1648.048993344633,30.0,1280.336657737175
workflow1_Q3_q0032,workflow1,Q3,277.92360485456686,1667.541629127401,30.0,1286.9641539033162
workflow1_Q3_q0033,workflow1,Q3,254.5636368709739,1527.3818212258434,30.0,1239.3098192167868
workflow1_Q3_q0034,workflow1,Q3,293.6792849217228,1762.0757095303368,30.0,1319.1057412403145
workflow1_Q3_q0035,workflow1,Q3,226.04754247610967,1356.285254856658,30.0,1181.1369866512637
workflow1_Q3_q0036,workflow1,Q3,231.75349628297988,1390.5209776978793,30.0,1192.7771324172788
workflow1_Q3_q0037,workflow1,Q3,231.15112666916582,1386.906760014995,30.0,1191.5482984050982
workflow1_Q3_q0038,workflow1,Q3,149.3762129732689,896.2572778396134,30.0,1024.7274744654685
workflow1_Q3_q0039,workflow1,Q3,142.37113640913878,854.2268184548327,30.0,1010.437118274643
workflow1_Q3_q0040,workflow1,Q3,79.66562008321092,477.9937204992655,30.0,882.5178649697501
workflow1_Q3_q0041,workflow1,Q3,196.99756636419423,1181.9853981851654,30.0,1121.8750353829562
workflow1_Q3_q0042,workflow1,Q3,93.90283946967702,563.4170368180621,30.0,911.5617925181411
workflow1_Q3_q0043,workflow1,Q3,84.76443881368277,508.5866328820967,30.0,892.9194551799129
workflow1_Q3_q0044,workflow1,Q3,179.9287984878559,1079.5727909271352,30.0,1087.0547489152261
workflow1_Q3_q0045,workflow1,Q3,128.8948925852625,773.3693555115751,30.0,982.9455808739356
workflow1_Q3_q0046,workflow1,Q3,73.46841655044334,440.81049930266005,30.0,869.8755697629043
workflow1_Q3_q0047,workflow1,Q3,246.656244858321,1479.937469149926,30.0,1223.1787395109748
workflow1_Q3_q0048,workflow1,Q3,259.565276595369,1557.3916595722142,30.0,1249.5131642545527
workflow1_Q3_q0049,workflow1,Q3,58.63286070655648,351.7971642393389,30.0,839.6110358413753
workflow1_Q3_q0050,workflow1,Q3,12.177039511999963,73.06223707199977,30.0,744.8411606044799
workflow1_Q3_q0051,workflow1,Q3,107.47769087351838,644.8661452411103,30.0,939.2544893819775
workflow1_Q3_q0052,workflow1,Q3,241.27814234741822,1447.6688540845093,30.0,1212.2074103887333
workflow1_Q3_q0053,workflow1,Q3,253.3604212079541,1520.1625272477245,30.0,1236.8552592642263
workflow1_Q3_q0054,workflow1,Q3,50.115430333654274,300.69258200192564,30.0,822.2354778806547
workflow1_Q3_q0055,workflow1,Q3,234.55741134308482,1407.344468058509,30.0,1198.497119139893
workflow1_Q3_q0056,workflow1,Q3,43.554208519734544,261.32525111840727,30.0,808.8505853802584
workflow1_Q3_q0057,workflow1,Q3,123.11815114539348,738.7089068723609,30.0,971.1610283366026
workflow1_Q3_q0058,workflow1,Q3,299.5967593534556,1797.5805561207335,30.0,1331.1773890810493
workflow1_Q3_q0059,workflow1,Q3,65.85133873696384,395.1080324217831,30.0,854.3367310234062
workflow1_Q3_q0060,workflow1,Q3,54.64943894751167,327.89663368507,30.0,831.4848554529239
workflow1_Q3_q0061,workflow1,Q3,132.61209643857012,795.6725786314207,30.0,990.528676734683
workflow1_Q3_q0062,workflow1,Q3,189.7038725312598,1138.2232351875589,30.0,1106.99589996377
workflow1_Q3_q0063,workflow1,Q3,280.5412268998435,1683.2473613990608,30.0,1292.3041028756807
workflow1_Q3_q0064,workflow1,Q3,294.4381322045799,1766.6287932274795,30.0,1320.653789697343
workflow1_Q3_q0065,workflow1,Q3,30.195784611504447,181.17470766902667,30.0,781.5994006074691
workflow1_Q3_q0066,workflow1,Q3,50.01928003089254,300.11568018535525,30.0,822.0393312630209
workflow1_Q3_q0067,workflow1,Q3,239.31401242983824,1435.8840745790294,30.0,1208.20058535687
workflow1_Q3_q0068,workflow1,Q3,88.48332415854954,530.8999449512972,30.0,900.505981283441
workflow1_Q3_q0069,workflow1,Q3,266.6062272568446,1599.6373635410675,30.0,1263.8767036039628
workflow1_Q3_q0070,workflow1,Q3,202.40144459643514,1214.408667578611,30.0,1132.8989469767278
workflow1_Q3_q0071,workflow1,Q3,42.43499269039638,254.60995614237828,30.0,806.5673850884085
workflow1_Q3_q0072,workflow1,Q3,251.43349262796207,1508.6009557677723,30.0,1232.9243249610424
workflow1_Q3_q0073,workflow1,Q3,61.143350202342,366.860101214052,30.0,844.7324344127775
workflow1_Q3_q0074,workflow1,Q3,132.8136644570996,796.8819867425976,30.0,990.9398754924832
workflow1_Q3_q0075,workflow1,Q3,170.1336292822057,1020.8017756932342,30.0,1067.0726037356997
workflow1_Q3_q0076,workflow1,Q3,155.2221832332807,931.3330993996842,30.0,1036.6532537958926
workflow1_Q3_q0077,workflow1,Q3,208.98724552839366,1253.9234731703618,30.0,1146.333980877923
workflow1_Q3_q0078,workflow1,Q3,199.27915311208397,1195.674918672504,30.0,1126.529472348651
workflow1_Q3_q0079,workflow1,Q3,297.6921816031359,1786.1530896188156,30.0,1327.292050470397
workflow1_Q3_q0080,workflow1,Q3,299.8323536750145,1798.9941220500868,30.0,1331.6580014970295
workflow1_Q3_q0081,workflow1,Q3,159.77322676433585,958.6393605860152,30.0,1045.9373825992452
workflow1_Q3_q0082,workflow1,Q3,37.607735218650554,225.64641131190334,30.0,796.7197798460471
workflow1_Q3_q0083,workflow1,Q3,221.0745567009283,1326.4473402055698,30.0,1170.9920956698936
workflow1_Q3_q0084,workflow1,Q3,293.23258268281086,1759.3954960968651,30.0,1318.194468672934
workflow1_Q3_q0085,workflow1,Q3,102.31465241241588,613.8879144744953,30.0,928.7218909213284
workflow1_Q3_q0086,workflow1,Q3,143.7505768928964,862.5034613573785,30.0,1013.2511768615085
workflow1_Q3_q0087,workflow1,Q3,133.18530819648223,799.1118491788933,30.0,991.6980287208237
workflow1_Q3_q0088,workflow1,Q3,24.91155482150951,149.46932892905707,30.0,770.8195718358795
workflow1_Q3_q0089,workflow1,Q3,204.95668505479898,1229.740110328794,30.0,1138.11163751179
workflow1_Q3_q0090,workflow1,Q3,112.46793156985566,674.8075894191339,30.0,949.4345804025056
workflow1_Q3_q0091,workflow1,Q3,238.36452364313567,1430.187141858814,30.0,1206.2636282319968
workflow1_Q3_q0092,workflow1,Q3,251.31482183177596,1507.8889309906558,30.0,1232.682236536823
workflow1_Q3_q0093,workflow1,Q3,248.15692811337516,1488.941568680251,30.0,1226.2401333512853
workflow1_Q3_q0094,workflow1,Q3,130.83313943156523,784.9988365893914,30.0,986.8996044403931
workflow1_Q3_q0095,workflow1,Q3,103.24824784986086,619.4894870991652,30.0,930.6264256137162
workflow1_Q3_q0096,workflow1,Q3,227.15802610344593,1362.9481566206755,30.0,1183.4023732510298
workflow1_Q3_q0097,workflow1,Q3,242.40293581438965,1454.417614886338,30.0,1214.5019890613548
workflow1_Q3_q0098,workflow1,Q3,152.4646594534962,914.7879567209771,30.0,1031.0279052851322
workflow1_Q3_q0099,workflow1,Q3,268.97899566552786,1613.8739739931673,30.0,1268.7171511576769
workflow2_Q3_q0000,workflow2,Q3,51.733521862781906,310.4011311766914,30.0,825.5363846000752
workflow2_Q3_q0001,workflow2,Q3,264.9299461010985,1589.5796766065907,30.0,1260.4570900462409
workflow2_Q3_q0002,workflow2,Q3,37.86761756184556,227.2057053710734,30.0,797.249939826165
workflow2_Q3_q0003,workflow2,Q3,54.52240139583803,327.13440837502816,30.0,831.2256988475095
workflow2_Q3_q0004,workflow2,Q3,164.8136038494485,988.881623096691,30.0,1056.2197518528749
workflow2_Q3_q0005,workflow2,Q3,29.580359254350356,177.48215552610213,30.0,780.3439328788747
workflow2_Q3_q0006,workflow2,Q3,25.314059406032,151.884356436192,30.0,771.6406811883053
workflow2_Q3_q0007,workflow2,Q3,10.1504358080546,60.9026148483276,30.0,740.7068890484312
workflow2_Q3_q0008,workflow2,Q3,136.5318313113363,819.1909878680178,30.0,998.524935875126
workflow2_Q3_q0009,workflow2,Q3,234.64092557474663,1407.84555344848,30.0,1198.667488172483
workflow2_Q3_q0010,workflow2,Q3,20.103121581175543,120.61872948705326,30.0,761.0103680255982
workflow2_Q3_q0011,workflow2,Q3,199.15470587509805,1194.9282352505884,30.0,1126.2755999852
workflow2_Q3_q0012,workflow2,Q3,248.70692205069412,1492.2415323041646,30.0,1227.362120983416
workflow2_Q3_q0013,workflow2,Q3,58.72024608758263,352.32147652549577,30.0,839.7893020186685
workflow2_Q3_q0014,workflow2,Q3,52.59048309820724,315.5428985892434,30.0,827.2845855203428
workflow2_Q3_q0015,workflow2,Q3,259.63228234995546,1557.7936940997329,30.0,1249.649855993909
workflow2_Q3_q0016,workflow2,Q3,248.70613688552748,1492.236821313165,30.0,1227.360519246476
workflow2_Q3_q0017,workflow2,Q3,166.2931122166142,997.7586732996851,30.0,1059.237948921893
workflow2_Q3_q0018,workflow2,Q3,247.56796499525427,1485.4077899715257,30.0,1225.0386485903186
workflow2_Q3_q0019,workflow2,Q3,36.899262453103475,221.39557471862088,30.0,795.2744954043311
workflow2_Q3_q0020,workflow2,Q3,124.39964020223877,746.3978412134327,30.0,973.7752660125672
workflow2_Q3_q0021,workflow2,Q3,223.9612912708481,1343.7677476250888,30.0,1176.88103419253
workflow2_Q3_q0022,workflow2,Q3,84.66106820394938,507.96640922369625,30.0,892.7085791360568
workflow2_Q3_q0023,workflow2,Q3,228.1753851857303,1369.0523111143818,30.0,1185.4777857788897
workflow2_Q3_q0024,workflow2,Q3,156.211795273336,937.2707716400162,30.0,1038.6720623576055
workflow2_Q3_q0025,workflow2,Q3,227.5771365049876,1365.4628190299256,30.0,1184.2573584701747
workflow2_Q3_q0026,workflow2,Q3,144.7570949786256,868.5425698717535,30.0,1015.3044737563962
workflow2_Q3_q0027,workflow2,Q3,116.6922586643271,700.1535519859626,30.0,958.0522076752272
workflow2_Q3_q0028,workflow2,Q3,73.56487277880336,441.38923667282023,30.0,870.0723404687587
workflow2_Q3_q0029,workflow2,Q3,70.43000901615434,422.5800540969261,30.0,863.6772183929548
workflow2_Q3_q0030,workflow2,Q3,227.93233506570485,1367.5940103942291,30.0,1184.981963534038
workflow2_Q3_q0031,workflow2,Q3,44.48400092984855,266.9040055790913,30.0,810.7473618968911
workflow2_Q3_q0032,workflow2,Q3,34.93488153217409,209.60928919304453,30.0,791.2671583256353
workflow2_Q3_q0033,workflow2,Q3,61.12449585641775,366.7469751385065,30.0,844.6939715470921
workflow2_Q3_q0034,workflow2,Q3,60.85048832163735,365.1029299298241,30.0,844.1349961761401
workflow2_Q3_q0035,workflow2,Q3,248.7012106140009,1492.2072636840055,30.0,1227.3504696525617
workflow2_Q3_q0036,workflow2,Q3,125.56692080752158,753.4015248451295,30.0,976.1565184473441
workflow2_Q3_q0037,workflow2,Q3,297.2126526345399,1783.2759158072395,30.0,1326.3138113744615
workflow2_Q3_q0038,workflow2,Q3,49.791264759277595,298.7475885556656,30.0,821.5741801089262
workflow2_Q3_q0039,workflow2,Q3,199.52654945115657,1197.1592967069394,30.0,1127.0341608803594
workflow2_Q3_q0040,workflow2,Q3,140.13155708836268,840.789342530176,30.0,1005.8683764602598
workflow2_Q3_q0041,workflow2,Q3,123.94627124215145,743.6776274529087,30.0,972.850393333989
workflow2_Q3_q0042,workflow2,Q3,263.77441772568386,1582.6465063541032,30.0,1258.099812160395
workflow2_Q3_q0043,workflow2,Q3,292.9227372902359,1757.5364237414153,30.0,1317.5623840720812
workflow2_Q3_q0044,workflow2,Q3,263.12909804451186,1578.774588267071,30.0,1256.783360010804
workflow2_Q3_q0045,workflow2,Q3,65.76719692018858,394.6031815211315,30.0,854.1650817171846
workflow2_Q3_q0046,workflow2,Q3,74.03139715059086,444.18838290354523,30.0,871.0240501872053
workflow2_Q3_q0047,workflow2,Q3,200.26142493756836,1201.5685496254102,30.0,1128.5333068726395
workflow2_Q3_q0048,workflow2,Q3,93.8342386750756,563.0054320504536,30.0,911.4218468971542
workflow2_Q3_q0049,workflow2,Q3,223.07028792636814,1338.4217275582089,30.0,1175.063387369791
workflow2_Q3_q0050,workflow2,Q3,174.26198873479694,1045.5719324087818,30.0,1075.4944570189857
workflow2_Q3_q0051,workflow2,Q3,169.76354286221687,1018.5812571733011,30.0,1066.3176274389225
workflow2_Q3_q0052,workflow2,Q3,250.2786082032479,1501.6716492194873,30.0,1230.5683607346257
workflow2_Q3_q0053,workflow2,Q3,216.05450380537658,1296.3270228322594,30.0,1160.7511877629681
workflow2_Q3_q0054,workflow2,Q3,17.707551849214592,106.24531109528755,30.0,756.1234057723977
workflow2_Q3_q0055,workflow2,Q3,24.343149772344553,146.0588986340673,30.0,769.6600255355828
workflow2_Q3_q0056,workflow2,Q3,184.45195121224455,1106.7117072734673,30.0,1096.2819804729788
workflow2_Q3_q0057,workflow2,Q3,150.9957019304599,905.9742115827594,30.0,1028.0312319381383
workflow2_Q3_q0058,workflow2,Q3,85.4535500494675,512.721300296805,30.0,894.3252421009137
workflow2_Q3_q0059,workflow2,Q3,131.41026532129248,788.4615919277549,30.0,988.0769412554365
workflow2_Q3_q0060,workflow2,Q3,229.79399243252954,1378.7639545951772,30.0,1188.7797445623603
workflow2_Q3_q0061,workflow2,Q3,249.71733055079972,1498.3039833047983,30.0,1229.4233543236312
workflow2_Q3_q0062,workflow2,Q3,172.7546896881128,1036.5281381286768,30.0,1072.4195669637502
workflow2_Q3_q0063,workflow2,Q3,121.75714944855986,730.5428966913591,30.0,968.384584875062
workflow2_Q3_q0064,workflow2,Q3,88.50206083358103,531.0123650014862,30.0,900.5442041005052
workflow2_Q3_q0065,workflow2,Q3,161.35635652308352,968.1381391385011,30.0,1049.1669673070903
workflow2_Q3_q0066,workflow2,Q3,101.27738938367048,607.6643363020229,30.0,926.6058743426877
workflow2_Q3_q0067,workflow2,Q3,173.58758974369462,1041.5255384621678,30.0,1074.1186830771371
workflow2_Q3_q0068,workflow2,Q3,206.22919092779495,1237.3751455667696,30.0,1140.7075494927017
workflow2_Q3_q0069,workflow2,Q3,29.1629711666245,174.977826999747,30.0,779.4924611799139
workflow2_Q3_q0070,workflow2,Q3,10.309564856596698,61.85738913958019,30.0,741.0315123074573
workflow2_Q3_q0071,workflow2,Q3,71.56037026381546,429.36222158289274,30.0,865.9831553381835
workflow2_Q3_q0072,workflow2,Q3,269.4083343384465,1616.4500060306789,30.0,1269.5930020504309
workflow2_Q3_q0073,workflow2,Q3,197.42432133628213,1184.5459280176929,30.0,1122.7456155260154
workflow2_Q3_q0074,workflow2,Q3,59.86850206173663,359.2110123704198,30.0,842.1317442059427
workflow2_Q3_q0075,workflow2,Q3,268.17654892884946,1609.0592935730967,30.0,1267.080159814853
workflow2_Q3_q0076,workflow2,Q3,146.2872226833286,877.7233360999716,30.0,1018.4259342739904
workflow2_Q3_q0077,workflow2,Q3,148.06660943681158,888.3996566208696,30.0,1022.0558832510956
workflow2_Q3_q0078,workflow2,Q3,281.30716371437,1687.84298228622,30.0,1293.866613977315
workflow2_Q3_q0079,workflow2,Q3,27.251140733168604,163.50684439901164,30.0,775.5923270956639
workflow2_Q3_q0080,workflow2,Q3,72.40169964232837,434.41019785397026,30.0,867.6994672703498
workflow2_Q3_q0081,workflow2,Q3,179.8736842948695,1079.242105769217,30.0,1086.9423159615337
workflow2_Q3_q0082,workflow2,Q3,66.6910877787812,400.1465266726871,30.0,856.0498190687136
workflow2_Q3_q0083,workflow2,Q3,207.06283267059777,1242.3769960235866,30.0,1142.4081786480194
workflow2_Q3_q0084,workflow2,Q3,72.08676390764884,432.5205834458931,30.0,867.0569983716035
workflow2_Q3_q0085,workflow2,Q3,38.75552147365616,232.53312884193696,30.0,799.0612638062585
workflow2_Q3_q0086,workflow2,Q3,70.02569629584353,420.15417777506116,30.0,862.8524204435208
workflow2_Q3_q0087,workflow2,Q3,132.59286993889805,795.5572196333883,30.0,990.489454675352
workflow2_Q3_q0088,workflow2,Q3,61.080106760193175,366.480640561159,30.0,844.603417790794
workflow2_Q3_q0089,workflow2,Q3,49.06068722777072,294.3641233666243,30.0,820.0838019446524
workflow2_Q3_q0090,workflow2,Q3,259.48174700349284,1556.890482020957,30.0,1249.3427638871253
workflow2_Q3_q0091,workflow2,Q3,102.91518904321927,617.4911342593157,30.0,929.9469856481674
workflow2_Q3_q0092,workflow2,Q3,114.62001909029355,687.7201145417613,30.0,953.8248389441987
workflow2_Q3_q0093,workflow2,Q3,26.028418755356014,156.1705125321361,30.0,773.0979742609262
workflow2_Q3_q0094,workflow2,Q3,113.63719081559569,681.8231448935742,30.0,951.8198692638151
workflow2_Q3_q0095,workflow2,Q3,86.79408142325809,520.7644885395486,30.0,897.0599261034465
workflow2_Q3_q0096,workflow2,Q3,187.0406695291187,1122.244017174712,30.0,1101.562965839402
workflow2_Q3_q0097,workflow2,Q3,69.56318632499793,417.37911794998763,30.0,861.9089001029956
workflow2_Q3_q0098,workflow2,Q3,267.62598138822375,1605.7558883293425,30.0,1265.9570020319763
workflow2_Q3_q0099,workflow2,Q3,279.60332006667096,1677.6199204000259,30.0,1290.390772936009
