workflow,quality_level,query_id,budget_factor,best_baseline,baseline_p90_min,sla_sec_old,sla_sec_new,p90_greedy,p90_murakkab_profile,p90_single_cloud
workflow1,Q1,workflow1_Q1_q0000,1.1,greedy,68.45647622797871,1629.7365797476405,75.3021238507766,68.45647622797871,73.28792087717464,80.52795806452056
workflow1,Q1,workflow1_Q1_q0001,1.1,greedy,110.01442208780101,2117.095993044325,121.01586429658111,110.01442208780101,118.55504333225213,128.77115131685673
workflow1,Q1,workflow1_Q1_q0002,1.1,greedy,101.03257638421486,1896.2102295318768,111.13583402263636,101.03257638421486,107.35528776646542,116.36743080907348
workflow1,Q1,workflow1_Q1_q0003,1.1,greedy,69.013897903055,1468.331146273549,75.9152876933605,69.013897903055,70.08482348298979,75.53239985548576
workflow1,Q1,workflow1_Q1_q0004,1.1,greedy,111.62224234407313,2074.842193817066,122.78446657848045,111.62224234407313,119.84720109151543,130.14975380673965
workflow1,Q1,workflow1_Q1_q0005,1.1,greedy,78.68409372516625,1577.1589834817812,86.55250309768289,78.68409372516625,80.02284114738951,85.83100211705509
workflow1,Q1,workflow1_Q1_q0006,1.1,greedy,114.619852966195,2075.3978457480425,126.08183826281451,114.619852966195,123.43652645506012,135.21139496607873
workflow1,Q1,workflow1_Q1_q0007,1.1,greedy,69.72210454229716,1528.7584400032408,76.69431499652688,69.72210454229716,70.52573875414069,75.58587342618377
workflow1,Q1,workflow1_Q1_q0008,1.1,greedy,94.97466494136583,1816.055767370785,104.47213143550242,94.97466494136583,100.65506911642348,108.4678417005174
workflow1,Q1,workflow1_Q1_q0009,1.1,greedy,77.61881614659022,1625.3829067993645,85.38069776124925,77.61881614659022,79.6498714083048,85.39971737855223
workflow1,Q1,workflow1_Q1_q0010,1.1,greedy,58.77658002960185,1504.977500044496,64.65423803256205,58.77658002960185,60.61028359938297,65.69885472532306
workflow1,Q1,workflow1_Q1_q0011,1.1,greedy,114.92107967849391,2108.1457563014637,126.41318764634332,114.92107967849391,121.4544824497165,130.7266063643612
workflow1,Q1,workflow1_Q1_q0012,1.1,murakkab_profile,61.31757899496475,1418.9673703923386,67.44933689446123,61.77482300814411,61.31757899496475,65.49962359190553
workflow1,Q1,workflow1_Q1_q0013,1.1,murakkab_profile,55.66237257026207,1317.6242289584625,61.22860982728828,56.85285442300577,55.66237257026207,59.48037059250282
workflow1,Q1,workflow1_Q1_q0014,1.1,greedy,63.88707765108388,1571.139961406021,70.27578541619228,63.88707765108388,65.9089145812024,71.21856945024471
workflow1,Q1,workflow1_Q1_q0015,1.1,greedy,98.80752305611539,1941.5921995745853,108.68827536172694,98.80752305611539,103.3947699159997,111.14331760127905
workflow1,Q1,workflow1_Q1_q0016,1.1,greedy,108.04656628606901,2030.127563492614,118.85122291467592,108.04656628606901,117.80822505894372,127.66976834153564
workflow1,Q1,workflow1_Q1_q0017,1.1,greedy,123.18719126212939,2218.76096288583,135.50591038834233,123.18719126212939,132.6672569430051,143.8648547162168
workflow1,Q1,workflow1_Q1_q0018,1.1,greedy,57.44271248656419,1526.2129882130089,63.186983735220615,57.44271248656419,58.631499857296404,63.3239128735206
workflow1,Q1,workflow1_Q1_q0019,1.1,greedy,80.16761755590143,1636.2307638154443,88.18437931149158,80.16761755590143,82.65976574953571,89.03794473131335
workflow1,Q1,workflow1_Q1_q0020,1.1,murakkab_profile,61.071025801022,1368.9057801372117,67.17812838112421,61.70682856096868,61.071025801022,65.38042938133117
workflow1,Q1,workflow1_Q1_q0021,1.1,greedy,79.82641219945805,1800.823722608311,87.80905341940385,79.82641219945805,87.22408398906862,96.19584202918911
workflow1,Q1,workflow1_Q1_q0022,1.1,greedy,113.46131430076423,2217.6139167412366,124.80744573084067,113.46131430076423,121.90211261271952,131.40723396087006
workflow1,Q1,workflow1_Q1_q0023,1.1,greedy,98.11679657551309,1925.0686759789687,107.92847623306442,98.11679657551309,104.73052532206005,113.8196587292673
workflow1,Q1,workflow1_Q1_q0024,1.1,greedy,94.8082228031268,1820.8798606475848,104.28904508343949,94.8082228031268,98.82443802369552,107.31188462651464
workflow1,Q1,workflow1_Q1_q0025,1.1,greedy,65.37171398879565,1620.875925620889,71.90888538767521,65.37171398879565,68.76340392993323,74.87735785664523
workflow1,Q1,workflow1_Q1_q0026,1.1,greedy,108.59776809090226,2136.484577641557,119.4575448999925,108.59776809090226,119.6383314709355,131.41167937353353
workflow1,Q1,workflow1_Q1_q0027,1.1,greedy,87.01236436857945,1723.9597637845245,95.71360080543741,87.01236436857945,89.99387621006692,96.7661973543071
workflow1,Q1,workflow1_Q1_q0028,1.1,murakkab_profile,57.23196145179207,1366.4857765266786,62.955157596971276,58.15515540600502,57.23196145179207,61.088790569662834
workflow1,Q1,workflow1_Q1_q0029,1.1,greedy,71.06194375439877,1594.2631647143455,78.16813812983865,71.06194375439877,74.12948635227521,80.47128220266902
workflow1,Q1,workflow1_Q1_q0030,1.1,murakkab_profile,54.353919044313635,1300.226335483898,59.789310948745005,55.847722286547125,54.353919044313635,58.005260540451545
workflow1,Q1,workflow1_Q1_q0031,1.1,greedy,66.44519814324791,1433.1513311611386,73.0897179575727,66.44519814324791,66.78079866186279,71.72564791935089
workflow1,Q1,workflow1_Q1_q0032,1.1,murakkab_profile,50.3701658237929,1251.4214180659137,55.4071824061722,52.38389605196997,50.3701658237929,53.65756582216071
workflow1,Q1,workflow1_Q1_q0033,1.1,greedy,78.66585999752772,1680.933997669161,86.53244599728049,78.66585999752772,82.82981875934458,89.61695170188614
workflow1,Q1,workflow1_Q1_q0034,1.1,greedy,95.22656882924043,1859.656701242472,104.74922571216449,95.22656882924043,101.92333212759614,110.4653688933568
workflow1,Q1,workflow1_Q1_q0035,1.1,greedy,77.99594955827794,1572.4863679056032,85.79554451410574,77.99594955827794,79.51422082369166,85.28392629098359
workflow1,Q1,workflow1_Q1_q0036,1.1,greedy,74.66312870198341,1648.4964267042033,82.12944157218176,74.66312870198341,76.45804437561543,82.49953949575854
workflow1,Q1,workflow1_Q1_q0037,1.1,greedy,122.58014980598016,2179.780343024752,134.83816478657818,122.58014980598016,133.33942410739013,144.98150820662124
workflow1,Q1,workflow1_Q1_q0038,1.1,greedy,104.82610723673636,1975.435637872867,115.30871796041001,104.82610723673636,111.44922965255417,121.96065057604868
workflow1,Q1,workflow1_Q1_q0039,1.1,greedy,83.64741890648696,1767.284644027722,92.01216079713566,83.64741890648696,86.25170010230846,92.50075909329705
workflow1,Q1,workflow1_Q1_q0040,1.1,greedy,71.35635124333584,1514.5573028602598,78.49198636766943,71.35635124333584,71.91425262402385,77.00079102196366
workflow1,Q1,workflow1_Q1_q0041,1.1,greedy,108.86100512405469,2118.4388435901733,119.74710563646016,108.86100512405469,120.35272962293868,132.5100238150186
workflow1,Q1,workflow1_Q1_q0042,1.1,greedy,66.3828203479296,1465.8057572443302,73.02110238272256,66.3828203479296,67.16773940086895,72.27010532398953
workflow1,Q1,workflow1_Q1_q0043,1.1,greedy,68.84501095126774,1554.7879322894437,75.72951204639452,68.84501095126774,71.50789693550908,77.61929976618175
workflow1,Q1,workflow1_Q1_q0044,1.1,greedy,108.03185388626692,2130.337907021027,118.83503927489362,108.03185388626692,117.41171795542948,128.01832189785648
workflow1,Q1,workflow1_Q1_q0045,1.1,greedy,91.87060451900948,1756.1284665110811,101.05766497091044,91.87060451900948,95.30705467108803,102.59125912055296
workflow1,Q1,workflow1_Q1_q0046,1.1,greedy,95.0212851348902,1965.925498126125,104.52341364837923,95.0212851348902,100.58158459839244,108.6532757895789
workflow1,Q1,workflow1_Q1_q0047,1.1,greedy,93.53446023110205,1816.4743670454732,102.88790625421225,93.53446023110205,99.1364261954732,107.65922278126324
workflow1,Q1,workflow1_Q1_q0048,1.1,greedy,97.7797959122179,1878.2910600833625,107.5577755034397,97.7797959122179,102.06284650892918,110.23210772864765
workflow1,Q1,workflow1_Q1_q0049,1.1,greedy,63.64467978153714,1529.191925433618,70.00914775969086,63.64467978153714,64.66131471706127,69.4991190570196
workflow1,Q1,workflow1_Q1_q0050,1.1,greedy,62.41440738715395,1471.9928527638897,68.65584812586935,62.41440738715395,63.61008626824413,68.6810819642982
workflow1,Q1,workflow1_Q1_q0051,1.1,greedy,65.60413552995736,1551.977454308304,72.1645490829531,65.60413552995736,66.99561344628486,72.06135513964176
workflow1,Q1,workflow1_Q1_q0052,1.1,murakkab_profile,53.9083749341422,1387.2653821862546,59.29921242755643,54.02674973143015,53.9083749341422,57.91318075226505
workflow1,Q1,workflow1_Q1_q0053,1.1,greedy,101.27086788102632,2096.0739641767364,111.39795466912896,101.27086788102632,107.80764869592437,116.47807737598595
workflow1,Q1,workflow1_Q1_q0054,1.1,greedy,71.41795366492134,1513.2814761846123,78.55974903141349,71.41795366492134,72.06322098120735,77.17629560934435
workflow1,Q1,workflow1_Q1_q0055,1.1,greedy,81.1944374097751,1787.628542892583,89.31388115075262,81.1944374097751,87.78017012356767,96.40394556073548
workflow1,Q1,workflow1_Q1_q0056,1.1,greedy,101.50076364223028,2014.886783189395,111.65084000645332,101.50076364223028,111.59929008541182,122.83679437801025
workflow1,Q1,workflow1_Q1_q0057,1.1,greedy,108.15118793126946,2006.8505718444533,118.96630672439642,108.15118793126946,116.90151368852322,127.26791721845605
workflow1,Q1,workflow1_Q1_q0058,1.1,greedy,79.8864219538529,1666.2488509640143,87.8750641492382,79.8864219538529,82.68127010008003,89.11980007780207
workflow1,Q1,workflow1_Q1_q0059,1.1,greedy,87.7714390560852,1703.5897062665117,96.54858296169373,87.7714390560852,90.82260671677987,97.74421313648675
workflow1,Q1,workflow1_Q1_q0060,1.1,greedy,118.89880132355573,2214.7759244499343,130.7886814559113,118.89880132355573,129.5984341105534,141.4409108426816
workflow1,Q1,workflow1_Q1_q0061,1.1,greedy,87.2314171160934,1899.1531123013176,95.95455882770274,87.2314171160934,96.00632471655071,105.88434514985848
workflow1,Q1,workflow1_Q1_q0062,1.1,greedy,108.99791070251712,2037.2335049142323,119.89770177276884,108.99791070251712,116.04406600031199,125.51609794209361
workflow1,Q1,workflow1_Q1_q0063,1.1,greedy,116.47359413953171,2123.9182136501627,128.1209535534849,116.47359413953171,124.74296915567096,134.7739299057724
workflow1,Q1,workflow1_Q1_q0064,1.1,greedy,106.28837730963987,2010.5635785221284,116.91721504060386,106.28837730963987,113.71408927192896,123.4040680876337
workflow1,Q1,workflow1_Q1_q0065,1.1,greedy,58.04313836008518,1416.5868341242176,63.847452196093705,58.04313836008518,59.10617606089888,63.99770889462029
workflow1,Q1,workflow1_Q1_q0066,1.1,greedy,88.42181332722097,1788.3003434652462,97.26399465994308,88.42181332722097,93.1934550127148,101.6471167493259
workflow1,Q1,workflow1_Q1_q0067,1.1,murakkab_profile,56.49546512899429,1334.4676391121411,62.145011641893724,57.09415067337692,56.49546512899429,60.621463878159595
workflow1,Q1,workflow1_Q1_q0068,1.1,greedy,93.36844593756376,1877.7812167921024,102.70529053132014,93.36844593756376,100.07344357721276,109.05934628963217
workflow1,Q1,workflow1_Q1_q0069,1.1,greedy,114.90928559531025,2175.974536193182,126.4002141548413,114.90928559531025,127.06011004183273,139.67535109625268
workflow1,Q1,workflow1_Q1_q0070,1.1,greedy,78.63179877169891,1739.5538153999098,86.49497864886881,78.63179877169891,82.77448300592658,89.76599696722333
workflow1,Q1,workflow1_Q1_q0071,1.1,greedy,76.15354587116084,1660.9108779676185,83.76890045827693,76.15354587116084,78.71789648704977,85.58568975211426
workflow1,Q1,workflow1_Q1_q0072,1.1,murakkab_profile,52.745826528613506,1269.340952898309,58.02040918147486,54.29702149670898,52.745826528613506,56.38189746939892
workflow1,Q1,workflow1_Q1_q0073,1.1,greedy,121.49348570449803,2180.337679016611,133.64283427494783,121.49348570449803,131.9113433597282,142.33081258960038
workflow1,Q1,workflow1_Q1_q0074,1.1,murakkab_profile,53.95742997831125,1335.5606465523365,59.353172976142375,54.73172269501482,53.95742997831125,57.787165499706184
workflow1,Q1,workflow1_Q1_q0075,1.1,murakkab_profile,50.345759477862366,1274.503985998579,55.38033542564861,51.98355900657089,50.345759477862366,53.7539445517192
workflow1,Q1,workflow1_Q1_q0076,1.1,greedy,67.92558942052113,1476.6216789438697,74.71814836257326,67.92558942052113,69.55963959636155,74.33217555922782
workflow1,Q1,workflow1_Q1_q0077,1.1,murakkab_profile,55.705543501380035,1298.613007843525,61.276097851518045,57.44289162344422,55.705543501380035,59.33899393080342
workflow1,Q1,workflow1_Q1_q0078,1.1,greedy,85.96597777841721,1682.7461926179978,94.56257555625893,85.96597777841721,88.48199417676962,95.674985059592
workflow1,Q1,workflow1_Q1_q0079,1.1,greedy,76.15534022564741,1742.8625720395128,83.77087424821215,76.15534022564741,79.14438425304415,85.26222928046845
workflow1,Q1,workflow1_Q1_q0080,1.1,greedy,73.08630981622406,1542.1939697421838,80.39494079784647,73.08630981622406,74.64259269339034,80.37597429620297
workflow1,Q1,workflow1_Q1_q0081,1.1,murakkab_profile,53.09200618423855,1284.2470358188375,58.40120680266241,54.77740959943743,53.09200618423855,56.60150542219341
workflow1,Q1,workflow1_Q1_q0082,1.1,murakkab_profile,58.777019615851216,1344.0379630937375,64.65472157743635,59.82244571477419,58.777019615851216,62.857633276332585
workflow1,Q1,workflow1_Q1_q0083,1.1,greedy,76.40465067570868,1613.121316698069,84.04511574327955,76.40465067570868,77.69848165838427,83.18283253015296
workflow1,Q1,workflow1_Q1_q0084,1.1,murakkab_profile,54.66723101960952,1293.681052514965,60.133954121570476,56.35548269017736,54.66723101960952,58.201450658297006
workflow1,Q1,workflow1_Q1_q0085,1.1,greedy,94.66278043513563,1922.4150694513744,104.1290584786492,94.66278043513563,100.33376504613803,108.62959057201957
workflow1,Q1,workflow1_Q1_q0086,1.1,greedy,66.38409615243336,1438.1222539434646,73.0225057676767,66.38409615243336,67.45682043780035,72.84574720985796
workflow1,Q1,workflow1_Q1_q0087,1.1,greedy,68.4859835243461,1531.8425668206678,75.33458187678072,68.4859835243461,69.14476629898996,74.03170417476797
workflow1,Q1,workflow1_Q1_q0088,1.1,greedy,77.89691740332678,1622.608016297604,85.68660914365947,77.89691740332678,80.57141525637297,87.02112242413172
workflow1,Q1,workflow1_Q1_q0089,1.1,greedy,78.6192109045339,1644.77709820618,86.4811319949873,78.6192109045339,81.16170024133622,87.14975665453284
workflow1,Q1,workflow1_Q1_q0090,1.1,murakkab_profile,48.634620358254914,1235.6374577673537,53.49808239408041,50.919029965131024,48.634620358254914,51.701271177165225
workflow1,Q1,workflow1_Q1_q0091,1.1,murakkab_profile,57.67021019332573,1344.5013858047157,63.43723121265831,58.24961936049542,57.67021019332573,61.86256957740907
workflow1,Q1,workflow1_Q1_q0092,1.1,greedy,102.47721116247534,2084.685859848505,112.72493227872289,102.47721116247534,112.59702059052616,122.38773086838067
workflow1,Q1,workflow1_Q1_q0093,1.1,murakkab_profile,49.956218634268474,1235.2157996367414,54.95184049769533,52.259085964068504,49.956218634268474,53.14287908674101
workflow1,Q1,workflow1_Q1_q0094,1.1,greedy,85.55453677377648,1735.053012831495,94.10999045115413,85.55453677377648,89.23962821396209,96.36154186061691
workflow1,Q1,workflow1_Q1_q0095,1.1,greedy,87.41513769890005,1716.6489784161072,96.15665146879007,87.41513769890005,89.63281967211444,95.99670129619902
workflow1,Q1,workflow1_Q1_q0096,1.1,greedy,67.0859805221981,1562.430842756489,73.79457857441791,67.0859805221981,68.7452702789898,74.08857864035814
workflow1,Q1,workflow1_Q1_q0097,1.1,greedy,81.66638356457004,1659.2884418643994,89.83302192102705,81.66638356457004,85.08110113585042,92.00472651577995
workflow1,Q1,workflow1_Q1_q0098,1.1,greedy,97.12751758445776,2003.653001601212,106.84026934290355,97.12751758445776,107.02954624622016,116.71238685855784
workflow1,Q1,workflow1_Q1_q0099,1.1,greedy,114.78388814405295,2063.4268543279472,126.26227695845826,114.78388814405295,120.81836376659581,129.86058483704565
workflow1,Q2,workflow1_Q2_q0000,1.1,murakkab_profile,52.15378295334718,1057.457682867244,57.369161248681905,52.18845054950117,52.15378295334718,61.16536068067485
workflow1,Q2,workflow1_Q2_q0001,1.1,greedy,49.11523401709513,1073.061303749173,54.02675741880465,49.11523401709513,50.451917982827666,58.507841126378175
workflow1,Q2,workflow1_Q2_q0002,1.1,greedy,90.2785423969312,1560.7178253824295,99.30639663662433,90.2785423969312,101.59702927686709,109.02280736308045
workflow1,Q2,workflow1_Q2_q0003,1.1,greedy,97.82215060851738,1600.354939292958,107.60436566936912,97.82215060851738,108.03956226146147,116.069623517544
workflow1,Q2,workflow1_Q2_q0004,1.1,greedy,52.03299780854615,1082.3830078634817,57.23629758940077,52.03299780854615,53.78791781293319,62.193123607626106
workflow1,Q2,workflow1_Q2_q0005,1.1,greedy,66.78209302454302,1272.917756805285,73.46030232699732,66.78209302454302,70.51805386620397,78.70454649937832
workflow1,Q2,workflow1_Q2_q0006,1.1,greedy,79.21242942286372,1467.9194819242127,87.1336723651501,79.21242942286372,89.75977954572132,96.81238532775541
workflow1,Q2,workflow1_Q2_q0007,1.1,greedy,86.11890554406912,1575.0514601530876,94.73079609847605,86.11890554406912,98.84754157698275,105.56718039979368
workflow1,Q2,workflow1_Q2_q0008,1.1,greedy,63.76618380245532,1205.8094679800872,70.14280218270086,63.76618380245532,66.87280741052707,75.41730897576518
workflow1,Q2,workflow1_Q2_q0009,1.1,greedy,66.10218799439505,1307.835910525153,72.71240679383456,66.10218799439505,70.05281463649331,77.50380474453603
workflow1,Q2,workflow1_Q2_q0010,1.1,greedy,84.07477615293794,1473.999285579344,92.48225376823174,84.07477615293794,90.72179867766864,98.54393953403454
workflow1,Q2,workflow1_Q2_q0011,1.1,greedy,80.06666459461783,1466.1750547347422,88.07333105407963,80.06666459461783,88.02860567244248,95.29525823772897
workflow1,Q2,workflow1_Q2_q0012,1.1,greedy,91.28429657995349,1504.4990161542896,100.41272623794885,91.28429657995349,99.38906516512216,107.6839664255921
workflow1,Q2,workflow1_Q2_q0013,1.1,greedy,76.05164006389705,1346.9660588854088,83.65680407028677,76.05164006389705,80.41905714722907,88.97916630539706
workflow1,Q2,workflow1_Q2_q0014,1.1,murakkab_profile,45.73694714535557,1002.8628640871312,50.310641859891135,46.78071577218906,45.73694714535557,54.70300580725438
workflow1,Q2,workflow1_Q2_q0015,1.1,greedy,94.06242978062708,1593.988248604311,103.4686727586898,94.06242978062708,108.0129037196771,115.19595223157755
workflow1,Q2,workflow1_Q2_q0016,1.1,greedy,92.30052121294791,1565.5908928279005,101.53057333424272,92.30052121294791,104.00911460063116,111.54723415364336
workflow1,Q2,workflow1_Q2_q0017,1.1,greedy,86.26080639602664,1515.6930537876574,94.88688703562931,86.26080639602664,96.27648637560094,103.79331211248711
workflow1,Q2,workflow1_Q2_q0018,1.1,murakkab_profile,41.55336473081488,999.3483018603596,45.70870120389637,41.921212139372784,41.55336473081488,49.54044447298351
workflow1,Q2,workflow1_Q2_q0019,1.1,greedy,51.1122753908661,1076.651852956717,56.223502929952716,51.1122753908661,51.587791837308124,59.83728819397461
workflow1,Q2,workflow1_Q2_q0020,1.1,greedy,83.80548427526466,1475.3924699971085,92.18603270279114,83.80548427526466,92.33900332592042,100.0662889997383
workflow1,Q2,workflow1_Q2_q0021,1.1,murakkab_profile,35.07111015230041,942.6120999433492,38.57822116753046,36.62173059491958,35.07111015230041,42.9754787480951
workflow1,Q2,workflow1_Q2_q0022,1.1,greedy,104.8085424864591,1649.6366166265334,115.28939673510503,104.8085424864591,116.61894954301356,124.73693624275948
workflow1,Q2,workflow1_Q2_q0023,1.1,greedy,63.75921144740907,1204.398491123026,70.13513259214999,63.75921144740907,65.84921886328368,74.56289363256668
workflow1,Q2,workflow1_Q2_q0024,1.1,greedy,86.79266324294541,1457.431618664364,95.47192956723995,86.79266324294541,93.82815909999688,102.4311331746153
workflow1,Q2,workflow1_Q2_q0025,1.1,greedy,95.84173438778704,1581.858819936908,105.42590782656575,95.84173438778704,102.47884599628486,110.88743244655666
workflow1,Q2,workflow1_Q2_q0026,1.1,greedy,61.23668984120245,1217.328802286986,67.36035882532269,61.23668984120245,64.16398479205486,72.2604078214889
workflow1,Q2,workflow1_Q2_q0027,1.1,greedy,57.421709688048544,1161.498475319453,63.1638806568534,57.421709688048544,60.255401622299836,68.4007640048946
workflow1,Q2,workflow1_Q2_q0028,1.1,greedy,74.3811347616217,1375.664064820253,81.81924823778387,74.3811347616217,78.94176478195777,86.67705158861527
workflow1,Q2,workflow1_Q2_q0029,1.1,greedy,69.38309960392105,1355.1416418866836,76.32140956431317,69.38309960392105,73.5126232555577,81.17100294889678
workflow1,Q2,workflow1_Q2_q0030,1.1,greedy,64.83074935989643,1228.0590134535375,71.31382429588608,64.83074935989643,68.22754644749978,76.64666107505424
workflow1,Q2,workflow1_Q2_q0031,1.1,greedy,70.01207439712822,1370.5124319641704,77.01328183684105,70.01207439712822,75.74903140049214,83.18975473056747
workflow1,Q2,workflow1_Q2_q0032,1.1,greedy,100.94694733348759,1617.2145227944227,111.04164206683636,100.94694733348759,111.4714160420684,119.672417511888
workflow1,Q2,workflow1_Q2_q0033,1.1,greedy,69.06844831207157,1271.319969775368,75.97529314327873,69.06844831207157,72.70445204058177,80.88123570116556
workflow1,Q2,workflow1_Q2_q0034,1.1,greedy,53.28073383919191,1070.9908426650918,58.60880722311111,53.28073383919191,54.730513612255955,63.474338081167154
workflow1,Q2,workflow1_Q2_q0035,1.1,greedy,61.55170352418175,1204.443824341981,67.70687387659993,61.55170352418175,66.22762568906134,74.23439722637777
workflow1,Q2,workflow1_Q2_q0036,1.1,greedy,60.285179375397,1216.9421136276112,66.31369731293671,60.285179375397,62.59867435440787,70.65530787907375
workflow1,Q2,workflow1_Q2_q0037,1.1,greedy,47.46831754193834,1022.4548784928896,52.215149296132175,47.46831754193834,47.514445448663324,56.14505081957193
workflow1,Q2,workflow1_Q2_q0038,1.1,murakkab_profile,50.587796887795406,1045.9434746600932,55.64657657657495,50.67955864992534,50.587796887795406,59.50169618349472
workflow1,Q2,workflow1_Q2_q0039,1.1,greedy,79.77898163457077,1431.7336532746244,87.75687979802785,79.77898163457077,86.21584319875382,94.28672042223063
workflow1,Q2,workflow1_Q2_q0040,1.1,greedy,56.60857332934347,1176.5437992374834,62.26943066227783,56.60857332934347,59.19336036894719,67.1019344754137
workflow1,Q2,workflow1_Q2_q0041,1.1,greedy,99.14811725684899,1631.6473607773698,109.0629289825339,99.14811725684899,108.37418350169159,116.43806773416856
workflow1,Q2,workflow1_Q2_q0042,1.1,greedy,51.77120695074718,1105.63979319269,56.9483276458219,51.77120695074718,52.99655948045274,61.13631558719486
workflow1,Q2,workflow1_Q2_q0043,1.1,murakkab_profile,42.62932485134259,998.654671525016,46.89225733647685,43.57739212436598,42.62932485134259,51.037044691937744
workflow1,Q2,workflow1_Q2_q0044,1.1,greedy,85.1776654838884,1482.7166243386907,93.69543203227725,85.1776654838884,92.65649207564884,100.66425366614254
workflow1,Q2,workflow1_Q2_q0045,1.1,greedy,86.80729359583853,1577.026160393265,95.4880229554224,86.80729359583853,98.41737572786117,105.31042606685577
workflow1,Q2,workflow1_Q2_q0046,1.1,greedy,51.27462506420314,1131.1648274064653,56.402087570623465,51.27462506420314,54.101948294510365,61.62517789566045
workflow1,Q2,workflow1_Q2_q0047,1.1,greedy,51.492172800281175,1074.944151166831,56.6413900803093,51.492172800281175,51.69678300714266,60.32980676227993
workflow1,Q2,workflow1_Q2_q0048,1.1,murakkab_profile,51.25338338658872,1062.874056737169,56.3787217252476,51.48399759804448,51.25338338658872,60.10512338843937
workflow1,Q2,workflow1_Q2_q0049,1.1,greedy,62.902586187193215,1311.5280968605357,69.19284480591254,62.902586187193215,69.81121199960107,76.67480591094271
workflow1,Q2,workflow1_Q2_q0050,1.1,greedy,69.0804479268873,1271.894106201987,75.98849271957604,69.0804479268873,74.86818807152463,83.05105090027386
workflow1,Q2,workflow1_Q2_q0051,1.1,greedy,55.06164392898714,1117.355761572428,60.567808321885856,55.06164392898714,56.303865127259876,64.88495611407316
workflow1,Q2,workflow1_Q2_q0052,1.1,murakkab_profile,41.780899008112854,958.9055200136808,45.95898890892414,43.05481925465399,41.780899008112854,50.731309440784784
workflow1,Q2,workflow1_Q2_q0053,1.1,greedy,64.39947417521768,1281.5628461712847,70.83942159273946,64.39947417521768,70.16090705634876,77.65120507747557
workflow1,Q2,workflow1_Q2_q0054,1.1,greedy,96.67166498396593,1634.9262710765324,106.33883148236252,96.67166498396593,104.71079713419687,112.6768274895252
workflow1,Q2,workflow1_Q2_q0055,1.1,greedy,68.4793065737675,1408.0379489565944,75.32723723114425,68.4793065737675,74.07637965529436,80.90627913677697
workflow1,Q2,workflow1_Q2_q0056,1.1,greedy,71.01028028837254,1291.9270986268632,78.1113083172098,71.01028028837254,74.55126053454372,83.32915498893932
workflow1,Q2,workflow1_Q2_q0057,1.1,murakkab_profile,44.0622303499026,1007.356788744901,48.46845338489286,44.90129177263656,44.0622303499026,52.58809101064932
workflow1,Q2,workflow1_Q2_q0058,1.1,greedy,53.72038703017183,1112.17663686142,59.09242573318902,53.72038703017183,54.22414012616588,62.711355819692194
workflow1,Q2,workflow1_Q2_q0059,1.1,greedy,59.76349402249241,1143.4853357103743,65.73984342474165,59.76349402249241,60.90722488173524,69.86943779249442
workflow1,Q2,workflow1_Q2_q0060,1.1,greedy,81.54147833264105,1491.07222715305,89.69562616590517,81.54147833264105,89.22310667240703,96.76292661102113
workflow1,Q2,workflow1_Q2_q0061,1.1,greedy,94.8262870169344,1573.827634577186,104.30891571862784,94.8262870169344,105.87750146484257,113.69835352163393
workflow1,Q2,workflow1_Q2_q0062,1.1,greedy,94.45157627378863,1592.264150712381,103.89673390116751,94.45157627378863,104.27657858541431,112.55364102764128
workflow1,Q2,workflow1_Q2_q0063,1.1,greedy,97.41713976933197,1653.5884858014329,107.15885374626518,97.41713976933197,110.83110819254539,118.02806442522235
workflow1,Q2,workflow1_Q2_q0064,1.1,greedy,87.21168102417147,1651.9601621558018,95.93284912658862,87.21168102417147,98.21109391148858,103.97707136972912
workflow1,Q2,workflow1_Q2_q0065,1.1,greedy,94.84507930655624,1630.2428586819224,104.32958723721188,94.84507930655624,110.30740775254073,117.14826213691963
workflow1,Q2,workflow1_Q2_q0066,1.1,murakkab_profile,43.82856272908047,978.612472901883,48.21141900198852,44.89227912707868,43.82856272908047,52.85700067876991
workflow1,Q2,workflow1_Q2_q0067,1.1,murakkab_profile,50.07785648424652,1027.398319818612,55.085642132671175,50.206283075035586,50.07785648424652,59.168000066381076
workflow1,Q2,workflow1_Q2_q0068,1.1,greedy,59.51721398590075,1150.6529963290263,65.46893538449083,59.51721398590075,61.09196363986501,69.57020833050498
workflow1,Q2,workflow1_Q2_q0069,1.1,greedy,70.25788766371869,1334.3682588806691,77.28367643009057,70.25788766371869,76.58882682458983,84.28106264224603
workflow1,Q2,workflow1_Q2_q0070,1.1,murakkab_profile,44.9260242517225,997.215148697702,49.41862667689475,45.5988447111979,44.9260242517225,53.68837996705169
workflow1,Q2,workflow1_Q2_q0071,1.1,greedy,90.24475948854894,1550.9668502946845,99.26923543740384,90.24475948854894,100.62794193793593,108.24905828998453
workflow1,Q2,workflow1_Q2_q0072,1.1,greedy,74.87434530552505,1381.59119442767,82.36177983607756,74.87434530552505,79.9686501895789,87.98758323808825
workflow1,Q2,workflow1_Q2_q0073,1.1,greedy,73.428450640368,1326.5784755024806,80.7712957044048,73.428450640368,78.34252881895398,86.68691768724018
workflow1,Q2,workflow1_Q2_q0074,1.1,murakkab_profile,48.03765165118136,1047.7477236301118,52.84141681629951,48.30844980611102,48.03765165118136,56.54315592830427
workflow1,Q2,workflow1_Q2_q0075,1.1,greedy,53.23897642549731,1112.7824233189458,58.56287406804705,53.23897642549731,53.779389394544964,62.16216064538595
workflow1,Q2,workflow1_Q2_q0076,1.1,greedy,49.76962025789077,1044.0507424743798,54.74658228367986,49.76962025789077,49.86857431749391,58.6135773489806
workflow1,Q2,workflow1_Q2_q0077,1.1,greedy,92.1382588821303,1555.5045701892536,101.35208477034334,92.1382588821303,101.19106595778995,109.15164065045273
workflow1,Q2,workflow1_Q2_q0078,1.1,greedy,78.39113039361511,1357.5365025152707,86.23024343297664,78.39113039361511,84.35169332812536,92.87076953842902
workflow1,Q2,workflow1_Q2_q0079,1.1,greedy,85.03095204986425,1469.128211650769,93.53404725485069,85.03095204986425,92.51733789490754,101.00312299488165
workflow1,Q2,workflow1_Q2_q0080,1.1,greedy,55.378203887299605,1144.416302121964,60.91602427602957,55.378203887299605,58.49462140466128,66.46657896493771
workflow1,Q2,workflow1_Q2_q0081,1.1,greedy,63.25283613654537,1200.041325126781,69.57811975019992,63.25283613654537,65.21557488447525,73.97117664383728
workflow1,Q2,workflow1_Q2_q0082,1.1,greedy,64.59961434613032,1224.8902461934215,71.05957578074336,64.59961434613032,67.7311785978113,76.17604216349748
workflow1,Q2,workflow1_Q2_q0083,1.1,greedy,83.0917999115072,1487.5310716047138,91.40097990265792,83.0917999115072,89.35196030943347,97.27285911222809
workflow1,Q2,workflow1_Q2_q0084,1.1,greedy,85.33878504872773,1496.655034385343,93.8726635536005,85.33878504872773,94.02746628290684,101.90668549596133
workflow1,Q2,workflow1_Q2_q0085,1.1,greedy,54.983440049095734,1078.4386035966263,60.48178405400531,54.983440049095734,56.03153486029017,65.05279356355209
workflow1,Q2,workflow1_Q2_q0086,1.1,greedy,95.10449225159127,1621.7679845578243,104.6149414767504,95.10449225159127,108.2755402837754,115.08496385468901
workflow1,Q2,workflow1_Q2_q0087,1.1,murakkab_profile,44.366340871927335,1014.7246220396062,48.80297495912007,44.44379133210318,44.366340871927335,52.56669191071796
workflow1,Q2,workflow1_Q2_q0088,1.1,greedy,83.95326510168098,1588.1822799522747,92.34859161184909,83.95326510168098,95.2096752785251,101.83320101133909
workflow1,Q2,workflow1_Q2_q0089,1.1,murakkab_profile,40.859688264954826,999.7425799580338,44.945657091450315,41.20951075241303,40.859688264954826,48.699628693824955
workflow1,Q2,workflow1_Q2_q0090,1.1,greedy,56.102048231936195,1121.1271903463944,61.71225305512982,56.102048231936195,58.327659108555245,66.67770758645274
workflow1,Q2,workflow1_Q2_q0091,1.1,greedy,93.75988559024388,1551.470877422254,103.13587414926828,93.75988559024388,103.11107621800504,111.21786247455823
workflow1,Q2,workflow1_Q2_q0092,1.1,greedy,47.41753049193489,1058.2343874999317,52.15928354112838,47.41753049193489,47.51570851628018,55.67618349702447
workflow1,Q2,workflow1_Q2_q0093,1.1,greedy,65.00719045116452,1231.3334852037224,71.50790949628097,65.00719045116452,68.76917348092506,77.06057042104241
workflow1,Q2,workflow1_Q2_q0094,1.1,greedy,67.57256652702125,1258.1709523086813,74.32982317972338,67.57256652702125,71.14498517032942,79.60886711101077
workflow1,Q2,workflow1_Q2_q0095,1.1,greedy,49.16597765117477,1106.8690105506637,54.08257541629225,49.16597765117477,49.886363178643286,57.6215539477399
workflow1,Q2,workflow1_Q2_q0096,1.1,greedy,84.53093772982412,1450.7263263879622,92.98403150280653,84.53093772982412,89.83101879687526,98.33125100424678
workflow1,Q2,workflow1_Q2_q0097,1.1,greedy,90.41470661370771,1555.06197323293,99.45617727507849,90.41470661370771,103.04055765071047,110.34033226652227
workflow1,Q2,workflow1_Q2_q0098,1.1,greedy,84.55044152245317,1572.2483159231952,93.00548567469849,84.55044152245317,98.57279820052341,104.98116718212198
workflow1,Q2,workflow1_Q2_q0099,1.1,greedy,62.863788998275076,1176.4287267721866,69.1501678981026,62.863788998275076,64.38367615131011,73.36722856706257
workflow1,Q3,workflow1_Q3_q0000,1.1,greedy,56.64467590219486,1135.4995623744687,62.30914349241436,56.64467590219486,66.50763495459043,65.6820951464093
workflow1,Q3,workflow1_Q3_q0001,1.1,greedy,33.01860179110594,816.9310345259153,36.320461970216535,33.01860179110594,35.94628592866601,35.127108944073996
workflow1,Q3,workflow1_Q3_q0002,1.1,greedy,40.30750802203451,903.1802341459736,44.33825882423797,40.30750802203451,45.811268850253754,44.967173489433456
workflow1,Q3,workflow1_Q3_q0003,1.1,greedy,36.99267002220371,822.4279999716911,40.691937024424085,36.99267002220371,39.72352730190388,38.82063736128539
workflow1,Q3,workflow1_Q3_q0004,1.1,greedy,43.613213115383864,908.130885520104,47.974534426922254,43.613213115383864,47.479684040612206,46.59107845224841
workflow1,Q3,workflow1_Q3_q0005,1.1,greedy,62.965822036900725,1139.574141411833,69.2624042405908,62.965822036900725,73.31802164154115,72.40545239801577
workflow1,Q3,workflow1_Q3_q0006,1.1,greedy,71.97268680585977,1278.9494000655957,79.16995548644574,71.97268680585977,84.24463731480182,83.38578686025086
workflow1,Q3,workflow1_Q3_q0007,1.1,greedy,40.020781106265524,860.2122565279484,44.02285921689208,40.020781106265524,43.74454109004782,42.8428085657653
workflow1,Q3,workflow1_Q3_q0008,1.1,greedy,52.64988582083342,1061.0939570768455,57.914874402916766,52.64988582083342,60.13578442191067,59.29435351591456
workflow1,Q3,workflow1_Q3_q0009,1.1,greedy,63.091283669554066,1155.3429754956144,69.40041203650948,63.091283669554066,72.46856230802427,71.58659232117229
workflow1,Q3,workflow1_Q3_q0010,1.1,greedy,78.18684665923642,1304.1489323560606,86.00553132516008,78.18684665923642,90.93831369727705,90.02167458706138
workflow1,Q3,workflow1_Q3_q0011,1.1,greedy,61.92508933304694,1101.311781676052,68.11759826635164,61.92508933304694,69.82579703602917,68.90003012495362
workflow1,Q3,workflow1_Q3_q0012,1.1,greedy,41.97863943889401,891.3212603957983,46.17650338278341,41.97863943889401,46.303449678430255,45.41422821488051
workflow1,Q3,workflow1_Q3_q0013,1.1,greedy,57.68189191808457,1110.4328776302846,63.45008110989303,57.68189191808457,65.73883792962943,64.88325715555007
workflow1,Q3,workflow1_Q3_q0014,1.1,greedy,41.48026506412468,930.0025712487144,45.62829157053715,41.48026506412468,45.9372645461845,45.117915370362596
workflow1,Q3,workflow1_Q3_q0015,1.1,greedy,73.97817095684242,1317.877555933214,81.37598805252667,73.97817095684242,87.95879021926736,87.09221643513503
workflow1,Q3,workflow1_Q3_q0016,1.1,greedy,45.07766595873734,976.8484015628076,49.58543255461108,45.07766595873734,51.897838375011254,51.07848795364829
workflow1,Q3,workflow1_Q3_q0017,1.1,greedy,65.6455278606988,1145.899039602216,72.21008064676869,65.6455278606988,76.06710485502023,75.1309386336573
workflow1,Q3,workflow1_Q3_q0018,1.1,greedy,31.652178696568676,754.1414377163422,34.81739656622555,31.652178696568676,33.26312146110302,32.35649349544401
workflow1,Q3,workflow1_Q3_q0019,1.1,greedy,53.71905109153995,977.0763515333211,59.09095620069395,53.71905109153995,61.27894229434944,60.28974071095201
workflow1,Q3,workflow1_Q3_q0020,1.1,greedy,67.26543147421877,1258.1136640415978,73.99197462164065,67.26543147421877,79.23176907174187,78.40435192781155
workflow1,Q3,workflow1_Q3_q0021,1.1,greedy,58.41059850196871,1101.4105561267083,64.25165835216558,58.41059850196871,67.73574714511271,66.8484781075172
workflow1,Q3,workflow1_Q3_q0022,1.1,greedy,48.9790313696418,1003.0366115918596,53.876934506605984,48.9790313696418,54.52463097577062,53.67274991111541
workflow1,Q3,workflow1_Q3_q0023,1.1,greedy,67.68639804976252,1294.1006246661752,74.45503785473878,67.68639804976252,80.7254499295774,79.91174689956317
workflow1,Q3,workflow1_Q3_q0024,1.1,greedy,71.25612620315012,1245.6171569287008,78.38173882346514,71.25612620315012,83.43204208799087,82.53233756225902
workflow1,Q3,workflow1_Q3_q0025,1.1,greedy,46.440773810815735,931.0227926336502,51.084851191897314,46.440773810815735,52.13921656145662,51.22042704406161
workflow1,Q3,workflow1_Q3_q0026,1.1,greedy,57.90160166072862,1062.5548346476564,63.69176182680149,57.90160166072862,66.76621718760117,65.85298436065688
workflow1,Q3,workflow1_Q3_q0027,1.1,greedy,54.90604040577621,1030.180029904301,60.39664444635383,54.90604040577621,61.752618951135226,60.83481790161022
workflow1,Q3,workflow1_Q3_q0028,1.1,greedy,56.125615852361626,1114.4109990679526,61.73817743759779,56.125615852361626,65.5084849962256,64.67570929216691
workflow1,Q3,workflow1_Q3_q0029,1.1,greedy,47.15932681808178,938.0602255327996,51.875259499889964,47.15932681808178,53.55565732972863,52.63114745539908
workflow1,Q3,workflow1_Q3_q0030,1.1,greedy,42.604227436301734,884.8716784530995,46.864650179931914,42.604227436301734,47.06361853944474,46.146478728371626
workflow1,Q3,workflow1_Q3_q0031,1.1,greedy,67.46194337949056,1280.336657737175,74.20813771743963,67.46194337949056,81.1516968245652,80.32243758922804
workflow1,Q3,workflow1_Q3_q0032,1.1,greedy,78.48383952127745,1286.9641539033162,86.3322234734052,78.48383952127745,94.5045749885587,93.54699288511824
workflow1,Q3,workflow1_Q3_q0033,1.1,greedy,72.85953528995132,1239.3098192167868,80.14548881894646,72.85953528995132,86.78644306893973,85.85749098276857
workflow1,Q3,workflow1_Q3_q0034,1.1,greedy,62.340551878035626,1319.1057412403145,68.57460706583919,62.340551878035626,78.72759969387626,77.9767059554447
workflow1,Q3,workflow1_Q3_q0035,1.1,greedy,68.67733509974263,1181.1369866512637,75.5450686097169,68.67733509974263,77.98464184627558,77.06690284917075
workflow1,Q3,workflow1_Q3_q0036,1.1,greedy,57.2287764664638,1192.7771324172788,62.95165411311019,57.2287764664638,68.75211631554713,67.9679722494368
workflow1,Q3,workflow1_Q3_q0037,1.1,greedy,64.54337640472306,1191.5482984050982,70.99771404519538,64.54337640472306,76.18009533253087,75.30337711238312
workflow1,Q3,workflow1_Q3_q0038,1.1,greedy,53.85672103340542,1024.7274744654685,59.24239313674597,53.85672103340542,60.85455439226912,59.93934058305389
workflow1,Q3,workflow1_Q3_q0039,1.1,greedy,55.249113092051346,1010.437118274643,60.77402440125648,55.249113092051346,61.01497788158552,60.0802194790353
workflow1,Q3,workflow1_Q3_q0040,1.1,greedy,41.097755801551855,882.5178649697501,45.20753138170704,41.097755801551855,45.971941434180756,45.08483573279803
workflow1,Q3,workflow1_Q3_q0041,1.1,greedy,58.748251901923794,1121.8750353829562,64.62307709211618,58.748251901923794,67.9436757968815,67.07982210390189
workflow1,Q3,workflow1_Q3_q0042,1.1,greedy,47.16415683011707,911.5617925181411,51.88057251312878,47.16415683011707,51.19102927589214,50.23183456901348
workflow1,Q3,workflow1_Q3_q0043,1.1,greedy,44.58606976231065,892.9194551799129,49.04467673854172,44.58606976231065,49.558954186202435,48.59822983132601
workflow1,Q3,workflow1_Q3_q0044,1.1,greedy,57.07873777068819,1087.054748915226,62.78661154775702,57.07873777068819,66.97345406501725,66.08190373045505
workflow1,Q3,workflow1_Q3_q0045,1.1,greedy,48.430566015256794,982.9455808739356,53.273622616782475,48.430566015256794,55.19201402108202,54.324096100826466
workflow1,Q3,workflow1_Q3_q0046,1.1,greedy,39.69918662291855,869.8755697629043,43.669105285210414,39.69918662291855,43.558646164001225,42.67021100159508
workflow1,Q3,workflow1_Q3_q0047,1.1,greedy,70.47086715487332,1223.1787395109748,77.51795387036066,70.47086715487332,84.31131462690061,83.38745304370389
workflow1,Q3,workflow1_Q3_q0048,1.1,greedy,69.07579422030764,1249.5131642545527,75.9833736423384,69.07579422030764,80.79777639668636,79.93807654735166
workflow1,Q3,workflow1_Q3_q0049,1.1,greedy,39.49084003211718,839.6110358413753,43.4399240353289,39.49084003211718,42.917291880656315,41.98870475379512
workflow1,Q3,workflow1_Q3_q0050,1.1,greedy,32.025715766119184,744.8411606044799,35.22828734273111,32.025715766119184,33.294422290009436,32.35557536887938
workflow1,Q3,workflow1_Q3_q0051,1.1,greedy,46.77946145795689,939.2544893819776,51.457407603752586,46.77946145795689,53.03720486977843,52.12150530513809
workflow1,Q3,workflow1_Q3_q0052,1.1,greedy,73.5424510672722,1212.2074103887333,80.89669617399942,73.5424510672722,85.57456058240676,84.61343149733182
workflow1,Q3,workflow1_Q3_q0053,1.1,greedy,71.23906609180705,1236.8552592642263,78.36297270098775,71.23906609180705,83.04159534514656,82.13928354786668
workflow1,Q3,workflow1_Q3_q0054,1.1,greedy,38.52184905856507,822.2354778806547,42.37403396442158,38.52184905856507,41.261750115277806,40.32239379309481
workflow1,Q3,workflow1_Q3_q0055,1.1,greedy,67.98340734137311,1198.497119139893,74.78174807551042,67.98340734137311,78.64003816031905,77.74156423624733
workflow1,Q3,workflow1_Q3_q0056,1.1,greedy,34.831685399397166,808.8505853802584,38.314853939336885,34.831685399397166,37.276006569477225,36.40028457915028
workflow1,Q3,workflow1_Q3_q0057,1.1,greedy,51.79726170269329,971.1610283366026,56.976987872962624,51.79726170269329,58.235694511897,57.27742665044252
workflow1,Q3,workflow1_Q3_q0058,1.1,greedy,82.63226147734875,1331.1773890810491,90.89548762508363,82.63226147734875,95.41488590825955,94.48205893608464
workflow1,Q3,workflow1_Q3_q0059,1.1,greedy,42.00266258555565,854.3367310234062,46.20292884411121,42.00266258555565,46.509016320368346,45.5473418878136
workflow1,Q3,workflow1_Q3_q0060,1.1,greedy,40.83734421571688,831.4848554529239,44.92107863728857,40.83734421571688,44.15893477624442,43.17905908468408
workflow1,Q3,workflow1_Q3_q0061,1.1,greedy,54.05933383498738,990.528676734683,59.46526721848612,54.05933383498738,59.76997964910298,58.81835441323563
workflow1,Q3,workflow1_Q3_q0062,1.1,greedy,63.023316104517555,1106.99589996377,69.32564771496932,63.023316104517555,73.1393544901589,72.19032617464721
workflow1,Q3,workflow1_Q3_q0063,1.1,greedy,73.94394176922856,1292.3041028756809,81.33833594615142,73.94394176922856,89.70420739987904,88.80078896634332
workflow1,Q3,workflow1_Q3_q0064,1.1,greedy,69.70732498564115,1320.653789697343,76.67805748420527,69.70732498564115,82.45425876266022,81.64522098509643
workflow1,Q3,workflow1_Q3_q0065,1.1,greedy,36.50161281775547,781.5994006074691,40.151774099531025,36.50161281775547,38.460434284351855,37.48419177057395
workflow1,Q3,workflow1_Q3_q0066,1.1,greedy,38.32514058318943,822.0393312630209,42.15765464150838,38.32514058318943,41.02749558948754,40.09312335556884
workflow1,Q3,workflow1_Q3_q0067,1.1,greedy,57.335601426513094,1208.20058535687,63.06916156916441,57.335601426513094,67.8196304649723,67.07110243367835
workflow1,Q3,workflow1_Q3_q0068,1.1,greedy,43.13971761472394,900.505981283441,47.45368937619634,43.13971761472394,47.33374418492192,46.43564611052052
workflow1,Q3,workflow1_Q3_q0069,1.1,greedy,71.3171683572366,1263.8767036039628,78.44888519296026,71.3171683572366,84.77252133332566,83.88823774164108
workflow1,Q3,workflow1_Q3_q0070,1.1,greedy,62.58239833274749,1132.8989469767278,68.84063816602225,62.58239833274749,70.73929651978803,69.84278448622732
workflow1,Q3,workflow1_Q3_q0071,1.1,greedy,38.19435558453531,806.5673850884085,42.01379114298884,38.19435558453531,40.5225051327393,39.55985214945799
workflow1,Q3,workflow1_Q3_q0072,1.1,greedy,71.60251112523696,1232.9243249610424,78.76276223776065,71.60251112523696,83.62991471811057,82.7162292244533
workflow1,Q3,workflow1_Q3_q0073,1.1,greedy,41.156643217473295,844.7324344127775,45.27230753922063,41.156643217473295,45.22218222856383,44.26177390046525
workflow1,Q3,workflow1_Q3_q0074,1.1,greedy,52.553089246239715,990.9398754924832,57.80839817086369,52.553089246239715,58.28427610171953,57.353620890675586
workflow1,Q3,workflow1_Q3_q0075,1.1,greedy,59.54173620816222,1067.0726037356997,65.49590982897844,59.54173620816222,68.05028548132569,67.10352899729976
workflow1,Q3,workflow1_Q3_q0076,1.1,greedy,46.33780639035943,1036.6532537958926,50.97158702939538,46.33780639035943,53.56995677308775,52.808024368069965
workflow1,Q3,workflow1_Q3_q0077,1.1,greedy,61.65424499901494,1146.333980877923,67.81966949891644,61.65424499901494,73.38047892084657,72.48866134091571
workflow1,Q3,workflow1_Q3_q0078,1.1,greedy,60.351688015012286,1126.529472348651,66.38685681651351,60.351688015012286,71.2963556075095,70.4007839535818
workflow1,Q3,workflow1_Q3_q0079,1.1,greedy,74.10418189411739,1327.292050470397,81.51460008352913,74.10418189411739,85.27980532303131,84.44067272852847
workflow1,Q3,workflow1_Q3_q0080,1.1,greedy,77.16352157584011,1331.6580014970295,84.87987373342412,77.16352157584011,88.74874651762104,87.88507708885497
workflow1,Q3,workflow1_Q3_q0081,1.1,greedy,54.7561217951221,1045.9373825992452,60.23173397463431,54.7561217951221,62.52737092890911,61.63810780458348
workflow1,Q3,workflow1_Q3_q0082,1.1,greedy,33.606904152750616,796.7197798460471,36.96759456802568,33.606904152750616,36.338864148192904,35.46790108919465
workflow1,Q3,workflow1_Q3_q0083,1.1,greedy,67.27176171528907,1170.9920956698936,73.99893788681798,67.27176171528907,79.3386675530346,78.39905204405161
workflow1,Q3,workflow1_Q3_q0084,1.1,greedy,80.44636763089235,1318.194468672934,88.4910043939816,80.44636763089235,94.17706934581983,93.2487449248769
workflow1,Q3,workflow1_Q3_q0085,1.1,greedy,45.54757501694099,928.7218909213284,50.102332518635095,45.54757501694099,50.18478972446156,49.28553412286252
workflow1,Q3,workflow1_Q3_q0086,1.1,greedy,54.21602975068836,1013.2511768615084,59.6376327257572,54.21602975068836,60.89974944902287,59.95913945000572
workflow1,Q3,workflow1_Q3_q0087,1.1,greedy,50.03712512951375,991.6980287208236,55.04083764246513,50.03712512951375,55.31091217641021,54.424607531075125
workflow1,Q3,workflow1_Q3_q0088,1.1,greedy,34.32618874385025,770.8195718358795,37.75880761823528,34.32618874385025,36.53970477352818,35.59554520448633
workflow1,Q3,workflow1_Q3_q0089,1.1,greedy,66.69145717826481,1138.11163751179,73.3606028960913,66.69145717826481,77.19520170198301,76.23895566675316
workflow1,Q3,workflow1_Q3_q0090,1.1,greedy,45.9140946273091,949.4345804025056,50.50550409004001,45.9140946273091,50.99576556707737,50.117015584368495
workflow1,Q3,workflow1_Q3_q0091,1.1,greedy,69.5659196647572,1206.2636282319968,76.52251163123293,69.5659196647572,79.88839842998266,78.98087759525878
workflow1,Q3,workflow1_Q3_q0092,1.1,greedy,73.09721311428768,1232.682236536823,80.40693442571646,73.09721311428768,86.7921604629507,85.841471446933
workflow1,Q3,workflow1_Q3_q0093,1.1,greedy,70.20180506818488,1226.2401333512853,77.22198557500337,70.20180506818488,81.69160677936088,80.79424660047133
workflow1,Q3,workflow1_Q3_q0094,1.1,greedy,53.47086872825131,986.8996044403932,58.81795560107645,53.47086872825131,59.037204853573954,58.08253561234809
workflow1,Q3,workflow1_Q3_q0095,1.1,greedy,45.94628318088097,930.6264256137162,50.540911498969066,45.94628318088097,51.202351558407905,50.293832263747646
workflow1,Q3,workflow1_Q3_q0096,1.1,greedy,65.6114607010908,1183.4023732510298,72.1726067711999,65.6114607010908,76.22652529953677,75.33402890553523
workflow1,Q3,workflow1_Q3_q0097,1.1,greedy,70.50213151806878,1214.5019890613548,77.55234466987567,70.50213151806878,84.30245760387695,83.36857320950732
workflow1,Q3,workflow1_Q3_q0098,1.1,greedy,48.700574194762275,1031.0279052851322,53.57063161423851,48.700574194762275,55.36661015004074,54.55210504349513
workflow1,Q3,workflow1_Q3_q0099,1.1,greedy,75.38840599513402,1268.7171511576769,82.92724659464743,75.38840599513402,85.40742488483957,84.51360601484456
workflow2,Q1,workflow2_Q1_q0000,1.1,greedy,57.18617127724709,1490.7036638074364,62.904788404971804,57.18617127724709,59.36061357740232,57.89409577191675
workflow2,Q1,workflow2_Q1_q0001,1.1,single_cloud,71.64606099880248,1551.9755747941815,78.81066709868274,71.89488993626173,73.00726553796646,71.64606099880248
workflow2,Q1,workflow2_Q1_q0002,1.1,greedy,56.271031657327505,1473.088093085936,61.89813482306026,56.271031657327505,58.31892659410146,56.6596393405382
workflow2,Q1,workflow2_Q1_q0003,1.1,greedy,78.98023039817042,1707.14531294335,86.87825343798747,78.98023039817042,83.49069055703025,83.11178521280394
workflow2,Q1,workflow2_Q1_q0004,1.1,greedy,94.63185293726106,1907.6927406515897,104.09503823098717,94.63185293726106,98.61273566826597,98.24898174642773
workflow2,Q1,workflow2_Q1_q0005,1.1,single_cloud,53.84782050390092,1459.0573352069327,59.23260255429101,56.156973200568984,56.61041133007823,53.84782050390092
workflow2,Q1,workflow2_Q1_q0006,1.1,single_cloud,72.99375960274052,1560.1054416660986,80.29313556301459,74.32792441597937,75.89186760252217,72.99375960274052
workflow2,Q1,workflow2_Q1_q0007,1.1,single_cloud,125.94384647301031,2151.3592329429025,138.53823112031137,131.35618900920923,131.94693300874818,125.94384647301031
workflow2,Q1,workflow2_Q1_q0008,1.1,single_cloud,46.63318449492197,1281.889319789101,51.29650294441417,53.167946482213964,51.39038051286584,46.63318449492197
workflow2,Q1,workflow2_Q1_q0009,1.1,greedy,72.03245635169608,1688.3188307662124,79.23570198686569,72.03245635169608,77.19057775166411,77.45257198676286
workflow2,Q1,workflow2_Q1_q0010,1.1,greedy,99.07138830126209,1935.5962290144228,108.9785271313883,99.07138830126209,100.66849402228735,101.37387742470492
workflow2,Q1,workflow2_Q1_q0011,1.1,single_cloud,57.04172211368185,1382.3476553956696,62.74589432505004,62.12054983206961,61.204769998636394,57.04172211368185
workflow2,Q1,workflow2_Q1_q0012,1.1,single_cloud,40.57668416743502,1280.710783725405,44.63435258417852,45.557099488769126,44.422630106050505,40.57668416743502
workflow2,Q1,workflow2_Q1_q0013,1.1,single_cloud,51.37060466152298,1370.2704964355914,56.50766512767529,55.49701511427805,55.01881405650984,51.37060466152298
workflow2,Q1,workflow2_Q1_q0014,1.1,single_cloud,126.62248131970438,2139.959668821253,139.28472945167482,132.07904457052413,132.65214236386058,126.62248131970438
workflow2,Q1,workflow2_Q1_q0015,1.1,single_cloud,43.253759035909326,1243.1301448756278,47.579134939500264,50.14583761604142,48.1262873675675,43.253759035909326
workflow2,Q1,workflow2_Q1_q0016,1.1,single_cloud,62.29554058013671,1419.685467163993,68.52509463815039,65.26882456649273,65.70840270748164,62.29554058013671
workflow2,Q1,workflow2_Q1_q0017,1.1,single_cloud,45.803893292127476,1264.8455437210216,50.384282621340226,52.85086510836883,50.77797943687812,45.803893292127476
workflow2,Q1,workflow2_Q1_q0018,1.1,single_cloud,47.44734159886592,1343.0806550163325,52.192075758752516,52.17655306082887,51.2824274187065,47.44734159886592
workflow2,Q1,workflow2_Q1_q0019,1.1,greedy,95.08940122908669,1845.4671966155,104.59834135199537,95.08940122908669,100.07736115615515,100.2292485778346
workflow2,Q1,workflow2_Q1_q0020,1.1,single_cloud,66.31077390707664,1472.2559640167383,72.94185129778431,68.12299844589931,69.23051828646658,66.31077390707664
workflow2,Q1,workflow2_Q1_q0021,1.1,greedy,82.74363519346758,1795.2430817246473,91.01799871281435,82.74363519346758,84.75503738050888,86.36981481467673
workflow2,Q1,workflow2_Q1_q0022,1.1,greedy,90.05513987363568,1815.9326474074005,99.06065386099925,90.05513987363568,94.36225533640796,95.05653002069052
workflow2,Q1,workflow2_Q1_q0023,1.1,single_cloud,106.61795831572816,2071.543238426522,117.27975414730099,109.70285796484734,110.19666946436223,106.61795831572816
workflow2,Q1,workflow2_Q1_q0024,1.1,single_cloud,41.72592599264524,1238.6750134111078,45.89851859190976,48.661640669976926,46.5689066361602,41.72592599264524
workflow2,Q1,workflow2_Q1_q0025,1.1,single_cloud,119.93514690741877,2075.422286911574,131.92866159816066,121.11878613253472,121.72345504453277,119.93514690741877
workflow2,Q1,workflow2_Q1_q0026,1.1,greedy,93.38097651203495,1844.4514192169963,102.71907416323845,93.38097651203495,98.20396954710795,98.42486223667629
workflow2,Q1,workflow2_Q1_q0027,1.1,single_cloud,57.28570966514324,1394.465077299488,63.01428063165756,61.45526983351851,61.26403473815699,57.28570966514324
workflow2,Q1,workflow2_Q1_q0028,1.1,greedy,111.6816827478612,1996.11626470139,122.84985102264733,111.6816827478612,114.36029213767235,113.66845971386957
workflow2,Q1,workflow2_Q1_q0029,1.1,single_cloud,122.82352366491085,2077.514660205517,135.10587603140195,123.43938335290852,124.06801665166266,122.82352366491085
workflow2,Q1,workflow2_Q1_q0030,1.1,single_cloud,67.6492803137969,1484.7037949815992,74.41420834517659,70.61225773533113,71.05928507536532,67.6492803137969
workflow2,Q1,workflow2_Q1_q0031,1.1,single_cloud,116.95511187585983,2139.9305693700435,128.65062306344583,123.01460354267135,123.51857726409848,116.95511187585983
workflow2,Q1,workflow2_Q1_q0032,1.1,greedy,71.24241788061819,1682.0950262744766,78.36665966868001,71.24241788061819,75.73449711319036,75.54631743388435
workflow2,Q1,workflow2_Q1_q0033,1.1,greedy,92.92755871413229,1828.976511972655,102.22031458554552,92.92755871413229,95.62939221800596,95.35851579931115
workflow2,Q1,workflow2_Q1_q0034,1.1,single_cloud,134.71036614645948,2204.8644401469965,148.18140276110543,142.11443469181387,142.68451708191108,134.71036614645948
workflow2,Q1,workflow2_Q1_q0035,1.1,greedy,69.08291441281106,1590.4745735382508,75.99120585409217,69.08291441281106,71.75506592343682,70.23226351237261
workflow2,Q1,workflow2_Q1_q0036,1.1,greedy,110.85208068470338,2035.7751149786316,121.93728875317373,110.85208068470338,111.43262499301974,111.10211276618335
workflow2,Q1,workflow2_Q1_q0037,1.1,single_cloud,75.26284777964071,1547.941530178861,82.78913255760479,76.53492873615657,77.59955078322416,75.26284777964071
workflow2,Q1,workflow2_Q1_q0038,1.1,single_cloud,111.29820981565747,2022.02453293011,122.42803079722323,114.2439283181091,114.7747285160997,111.29820981565747
workflow2,Q1,workflow2_Q1_q0039,1.1,greedy,95.9696052485744,1826.3236439985656,105.56656577343185,95.9696052485744,100.52801445282384,99.84420771655618
workflow2,Q1,workflow2_Q1_q0040,1.1,single_cloud,63.16095576864321,1447.326715492246,69.47705134550753,65.85523590173207,66.02620950340452,63.16095576864321
workflow2,Q1,workflow2_Q1_q0041,1.1,greedy,77.24091799328464,1642.2297284761871,84.96500979261312,77.24091799328464,79.3668909192415,77.51458946955404
workflow2,Q1,workflow2_Q1_q0042,1.1,single_cloud,72.3703830703379,1547.188735482472,79.6074213773717,74.03123626001607,75.22900319884288,72.3703830703379
workflow2,Q1,workflow2_Q1_q0043,1.1,single_cloud,49.47468865890842,1311.0148755772389,54.42215752479927,55.09724689099842,53.859284857147905,49.47468865890842
workflow2,Q1,workflow2_Q1_q0044,1.1,single_cloud,46.06600153317644,1263.4170833183018,50.67260168649409,53.21492862845521,51.109303633928974,46.06600153317644
workflow2,Q1,workflow2_Q1_q0045,1.1,greedy,71.91455894506521,1575.6279542314803,79.10601483957174,71.91455894506521,74.79646014894654,73.243300665734
workflow2,Q1,workflow2_Q1_q0046,1.1,single_cloud,43.592607681041635,1252.7676697480415,47.9518684491458,50.351603742850635,48.383460235136035,43.592607681041635
workflow2,Q1,workflow2_Q1_q0047,1.1,single_cloud,57.5110802838243,1397.1709289756302,63.26218831220673,59.91367635569487,60.55466571650447,57.5110802838243
workflow2,Q1,workflow2_Q1_q0048,1.1,greedy,105.83882044686204,1949.0307543589563,116.42270249154826,105.83882044686204,109.09986019529488,108.88898597605882
workflow2,Q1,workflow2_Q1_q0049,1.1,greedy,92.46005716646086,1932.1779583840173,101.70606288310695,92.46005716646086,93.14731067797257,92.46319073986554
workflow2,Q1,workflow2_Q1_q0050,1.1,single_cloud,103.70834388826927,1962.2402610469792,114.0791782770962,103.93962046866842,104.47234310081663,103.70834388826927
workflow2,Q1,workflow2_Q1_q0051,1.1,single_cloud,75.08488784953023,1546.713026734159,82.59337663448326,77.12905678711486,78.18307214919813,75.08488784953023
workflow2,Q1,workflow2_Q1_q0052,1.1,single_cloud,121.82236111336975,2111.559184718048,134.00459722470674,125.84985066213424,126.45096105333661,121.82236111336975
workflow2,Q1,workflow2_Q1_q0053,1.1,greedy,95.55803335847929,1819.5169203560492,105.11383669432723,95.55803335847929,100.73186539398755,100.70227441499705
workflow2,Q1,workflow2_Q1_q0054,1.1,single_cloud,53.35329936705878,1358.2619729621738,58.688629303764664,57.166595014862445,56.95028817413558,53.35329936705878
workflow2,Q1,workflow2_Q1_q0055,1.1,single_cloud,54.206859295142095,1375.7066001951566,59.62754522465631,58.22639950741967,57.76704300537246,54.206859295142095
workflow2,Q1,workflow2_Q1_q0056,1.1,greedy,105.34276065918047,1917.3920909526853,115.87703672509852,105.34276065918047,107.74632323144762,107.30600755866756
workflow2,Q1,workflow2_Q1_q0057,1.1,single_cloud,59.40613726270938,1404.5227213318888,65.34675098898032,63.627020979037646,63.277010054126976,59.40613726270938
workflow2,Q1,workflow2_Q1_q0058,1.1,greedy,81.6007569928203,1734.1906037598949,89.76083269210233,81.6007569928203,86.7499347168869,86.73136831950181
workflow2,Q1,workflow2_Q1_q0059,1.1,single_cloud,129.75104076736514,2211.8896332657087,142.72614484410167,135.84377789639973,136.4225310881748,129.75104076736514
workflow2,Q1,workflow2_Q1_q0060,1.1,single_cloud,44.59469756086797,1237.9514982670726,49.054167316954775,52.234827636294696,49.8797075779552,44.59469756086797
workflow2,Q1,workflow2_Q1_q0061,1.1,single_cloud,43.96784911976181,1250.347684670991,48.36463403173799,50.64968688098086,48.75427554695512,43.96784911976181
workflow2,Q1,workflow2_Q1_q0062,1.1,single_cloud,116.27748102579372,2213.181397783479,127.90522912837311,122.00721319147114,122.52319177305503,116.27748102579372
workflow2,Q1,workflow2_Q1_q0063,1.1,greedy,84.09199305256192,1810.4538904562871,92.50119235781811,84.09199305256192,86.98409885686934,87.68143373470019
workflow2,Q1,workflow2_Q1_q0064,1.1,single_cloud,52.57203697176026,1359.133235861254,57.82924066893629,57.217005795583475,56.532458108921986,52.57203697176026
workflow2,Q1,workflow2_Q1_q0065,1.1,single_cloud,117.1015982586249,2118.7399689575363,128.8117580844874,120.78356292022717,121.31742405373986,117.1015982586249
workflow2,Q1,workflow2_Q1_q0066,1.1,single_cloud,112.67712531855157,2102.0549759259043,123.94483785040674,114.66751954515462,115.15888257415651,112.67712531855157
workflow2,Q1,workflow2_Q1_q0067,1.1,greedy,86.60014839293753,1762.693607327816,95.26016323223129,86.60014839293753,89.50878423376653,87.90278917423913
workflow2,Q1,workflow2_Q1_q0068,1.1,greedy,97.14707505236242,1847.086941442706,106.86178255759867,97.14707505236242,101.32878166281834,100.54007609217614
workflow2,Q1,workflow2_Q1_q0069,1.1,single_cloud,70.45664835739696,1503.362570819864,77.50231319313666,73.22404656139243,74.02448756693441,70.45664835739696
workflow2,Q1,workflow2_Q1_q0070,1.1,single_cloud,47.917643788299465,1283.8124206227972,52.70940816712942,54.10548748744058,52.55825674507001,47.917643788299465
workflow2,Q1,workflow2_Q1_q0071,1.1,greedy,92.87623922950748,1820.2436623663923,102.16386315245823,92.87623922950748,96.47148386742091,95.31164572839745
workflow2,Q1,workflow2_Q1_q0072,1.1,greedy,68.85501529803891,1524.6286204979244,75.74051682784281,68.85501529803891,71.23080232558569,69.33981725731692
workflow2,Q1,workflow2_Q1_q0073,1.1,greedy,105.53730847322466,1888.330352007107,116.09103932054713,105.53730847322466,107.66526988752425,108.87452879101178
workflow2,Q1,workflow2_Q1_q0074,1.1,single_cloud,111.23551968206151,2058.537744366805,122.35907165026767,114.83154609194312,115.34529943035045,111.23551968206151
workflow2,Q1,workflow2_Q1_q0075,1.1,single_cloud,47.143475175235785,1251.9062962995629,51.85782269275937,54.80586570935548,52.4815449486489,47.143475175235785
workflow2,Q1,workflow2_Q1_q0076,1.1,greedy,86.67493750827849,1821.373781840127,95.34243125910635,86.67493750827849,89.27519382162806,89.84110927935762
workflow2,Q1,workflow2_Q1_q0077,1.1,single_cloud,64.93981404065674,1462.0426121312364,71.43379544472242,69.07925899894202,68.83818771296242,64.93981404065674
workflow2,Q1,workflow2_Q1_q0078,1.1,single_cloud,124.6109024533649,2095.654058933148,137.0719926987014,126.03991404854452,126.66578625256615,124.6109024533649
workflow2,Q1,workflow2_Q1_q0079,1.1,single_cloud,59.48436554965745,1484.1132034699629,65.43280210462319,61.25076497520452,62.13972287666187,59.48436554965745
workflow2,Q1,workflow2_Q1_q0080,1.1,greedy,91.79287070972008,1836.2193513701225,100.97215778069209,91.79287070972008,93.57076357390284,95.28065463001748
workflow2,Q1,workflow2_Q1_q0081,1.1,greedy,93.6834750578317,1779.791268328357,103.05182256361488,93.6834750578317,96.87131026512321,95.30533690381755
workflow2,Q1,workflow2_Q1_q0082,1.1,greedy,68.52387843607677,1624.6201690584194,75.37626627968446,68.52387843607677,70.94581038365098,69.72948374527567
workflow2,Q1,workflow2_Q1_q0083,1.1,greedy,102.69740559363723,1902.134072909397,112.96714615300095,102.69740559363723,105.44620823428878,106.04004289865641
workflow2,Q1,workflow2_Q1_q0084,1.1,greedy,104.9621968008131,1949.608859829418,115.45841648089443,104.9621968008131,105.5320313062954,106.24287988384582
workflow2,Q1,workflow2_Q1_q0085,1.1,greedy,90.10536062218755,1793.0006661849154,99.11589668440631,90.10536062218755,93.9819824517885,94.24349708467771
workflow2,Q1,workflow2_Q1_q0086,1.1,single_cloud,112.8904992369826,1981.804325864168,124.17954916068088,113.71191559257989,114.28369891662022,112.8904992369826
workflow2,Q1,workflow2_Q1_q0087,1.1,single_cloud,137.16709156580762,2203.6492369290363,150.8838007223884,142.49887162105924,143.12993715081447,137.16709156580762
workflow2,Q1,workflow2_Q1_q0088,1.1,single_cloud,82.41341970205521,1647.402574470194,90.65476167226073,83.82940752973147,85.24534238621602,82.41341970205521
workflow2,Q1,workflow2_Q1_q0089,1.1,greedy,84.04494756212198,1741.3788891591337,92.44944231833418,84.04494756212198,88.40257797637157,87.81005262129544
workflow2,Q1,workflow2_Q1_q0090,1.1,single_cloud,43.92435843108477,1246.2952996500362,48.31679427419325,51.24278397337766,49.01925297323351,43.92435843108477
workflow2,Q1,workflow2_Q1_q0091,1.1,single_cloud,108.4696007002309,2018.884156522033,119.316560770254,108.72158634810494,109.31286989787007,108.4696007002309
workflow2,Q1,workflow2_Q1_q0092,1.1,greedy,87.25674089783689,1746.94684610735,95.98241498762059,87.25674089783689,92.45551711206724,92.36844726671444
workflow2,Q1,workflow2_Q1_q0093,1.1,single_cloud,77.45453177340407,1636.2499703355172,85.19998495074448,77.60994964975112,79.68073705353862,77.45453177340407
workflow2,Q1,workflow2_Q1_q0094,1.1,single_cloud,50.66919824372282,1326.7549556061442,55.7361180680951,55.608878087799575,54.73776776050765,50.66919824372282
workflow2,Q1,workflow2_Q1_q0095,1.1,single_cloud,125.24953088575882,2111.201231771942,137.77448397433471,128.62137235476007,129.2201966362623,125.24953088575882
workflow2,Q1,workflow2_Q1_q0096,1.1,greedy,75.56070293508638,1623.477138679989,83.11677322859502,75.56070293508638,78.03214280213564,76.59791823823429
workflow2,Q1,workflow2_Q1_q0097,1.1,greedy,92.42340771821065,1907.0254558342915,101.66574849003173,92.42340771821065,95.9737177133879,95.81803886656253
workflow2,Q1,workflow2_Q1_q0098,1.1,single_cloud,51.68898210946073,1381.2829181789966,56.85788032040681,53.9389588389962,54.50206350840593,51.68898210946073
workflow2,Q1,workflow2_Q1_q0099,1.1,single_cloud,127.42927956867678,2182.087934727458,140.17220752554445,133.6442994367902,134.18672445779674,127.42927956867678
workflow2,Q2,workflow2_Q2_q0000,1.1,greedy,70.91808465649625,1318.0638665758388,78.00989312214588,70.91808465649625,73.99861656381452,78.45867051002281
workflow2,Q2,workflow2_Q2_q0001,1.1,greedy,51.23857978350566,1109.1965356586493,56.36243776185623,51.23857978350566,52.49519757691328,56.07527914065727
workflow2,Q2,workflow2_Q2_q0002,1.1,greedy,55.84985319701475,1106.5270128963325,61.43483851671623,55.84985319701475,56.80314474053822,60.24890584426211
workflow2,Q2,workflow2_Q2_q0003,1.1,murakkab_profile,49.26475175230752,1044.7473794789978,54.191226927538274,50.00535245396267,49.26475175230752,52.18997504936063
workflow2,Q2,workflow2_Q2_q0004,1.1,murakkab_profile,114.35586403187067,1620.6440584921572,125.79145043505774,119.93130090041836,114.35586403187067,118.88582395489205
workflow2,Q2,workflow2_Q2_q0005,1.1,murakkab_profile,105.6530051537739,1582.1677387538266,116.2183056691513,111.22238286716217,105.6530051537739,112.45036061281098
workflow2,Q2,workflow2_Q2_q0006,1.1,murakkab_profile,95.46059669293071,1500.3567685058283,105.00665636222378,99.59285840510672,95.46059669293071,102.56683923356505
workflow2,Q2,workflow2_Q2_q0007,1.1,greedy,72.40331012350083,1308.3106949922756,79.64364113585091,72.40331012350083,74.62725907279946,80.61058422610508
workflow2,Q2,workflow2_Q2_q0008,1.1,greedy,71.31433722048703,1288.3045535210294,78.44577094253575,71.31433722048703,73.42901701807799,77.70071628598856
workflow2,Q2,workflow2_Q2_q0009,1.1,greedy,73.20856000467627,1317.2469201419572,80.5294160051439,73.20856000467627,76.6808801320948,82.19636434505087
workflow2,Q2,workflow2_Q2_q0010,1.1,greedy,74.34497817360895,1322.2920460402577,81.77947599096986,74.34497817360895,77.6347967706085,82.46649453018844
workflow2,Q2,workflow2_Q2_q0011,1.1,greedy,67.78837319400141,1246.859401133942,74.56721051340156,67.78837319400141,70.7868417438791,74.93959165299798
workflow2,Q2,workflow2_Q2_q0012,1.1,murakkab_profile,48.24330716826605,1022.9326989236838,53.06763788509266,49.37848640007186,48.24330716826605,51.07046966143085
workflow2,Q2,workflow2_Q2_q0013,1.1,murakkab_profile,48.42144929957417,1018.4284191962824,53.26359422953159,50.001944727980494,48.42144929957417,51.114368130488494
workflow2,Q2,workflow2_Q2_q0014,1.1,murakkab_profile,108.9859706272267,1629.6886648678828,119.88456768994939,114.62687873466324,108.9859706272267,114.58424747754215
workflow2,Q2,workflow2_Q2_q0015,1.1,greedy,72.8116025788691,1281.961746714106,80.09276283675601,72.8116025788691,76.8410652354907,82.42954294910257
workflow2,Q2,workflow2_Q2_q0016,1.1,murakkab_profile,106.97938842649489,1630.3954856673872,117.67732726914439,112.57124776950315,106.97938842649489,112.29558436840217
workflow2,Q2,workflow2_Q2_q0017,1.1,murakkab_profile,51.95187355840379,1046.4651010666264,57.14706091424417,52.97415279197656,51.95187355840379,54.938500636072064
workflow2,Q2,workflow2_Q2_q0018,1.1,greedy,68.45186835794432,1335.4910402335308,75.29705519373876,68.45186835794432,71.77140744028031,76.60529178032358
workflow2,Q2,workflow2_Q2_q0019,1.1,greedy,52.695340280418904,1079.1069088534632,57.9648743084608,52.695340280418904,53.078235846272825,56.08092997725034
workflow2,Q2,workflow2_Q2_q0020,1.1,greedy,54.044355108234726,1112.730016230622,59.4487906190582,54.044355108234726,54.94911877416578,58.523663365499246
workflow2,Q2,workflow2_Q2_q0021,1.1,murakkab_profile,40.034681599959804,947.7253609938916,44.038149759955786,42.66000971904772,40.034681599959804,42.162202891878906
workflow2,Q2,workflow2_Q2_q0022,1.1,murakkab_profile,38.18685545041627,1013.4659732923864,42.0055409954579,39.414564468019,38.18685545041627,40.51035679116167
workflow2,Q2,workflow2_Q2_q0023,1.1,murakkab_profile,99.28408760635475,1603.50939744179,109.21249636699022,104.18753048004295,99.28408760635475,103.67242120224617
workflow2,Q2,workflow2_Q2_q0024,1.1,greedy,60.22623779859693,1163.2736472011843,66.24886157845663,60.22623779859693,60.70450335821897,64.21032045192078
workflow2,Q2,workflow2_Q2_q0025,1.1,greedy,82.40759679409568,1375.2115522108404,90.64835647350526,82.40759679409568,84.722809067071,90.35331014398612
workflow2,Q2,workflow2_Q2_q0026,1.1,greedy,60.73101234704656,1269.3779506060675,66.80411358175122,60.73101234704656,63.82042098161844,68.16728390510178
workflow2,Q2,workflow2_Q2_q0027,1.1,greedy,54.78650130599445,1221.6336958588836,60.2651514365939,54.78650130599445,58.41952898469656,62.82082969253743
workflow2,Q2,workflow2_Q2_q0028,1.1,greedy,71.30594762540127,1318.8297645504174,78.4365423879414,71.30594762540127,74.98483489236293,80.1058930482894
workflow2,Q2,workflow2_Q2_q0029,1.1,greedy,47.511841244004025,1063.963199543045,52.26302536840443,47.511841244004025,47.526773595765775,50.839968117507624
workflow2,Q2,workflow2_Q2_q0030,1.1,murakkab_profile,111.2301641701995,1656.5725829552266,122.35318058721946,116.78184458588105,111.2301641701995,115.86246782575928
workflow2,Q2,workflow2_Q2_q0031,1.1,murakkab_profile,100.05191707619355,1530.6386689065066,110.05710878381291,105.05703307064044,100.05191707619355,105.58653463752707
workflow2,Q2,workflow2_Q2_q0032,1.1,murakkab_profile,94.13348437279487,1473.9240209049556,103.54683281007436,99.12337165113543,94.13348437279487,101.98060651025534
workflow2,Q2,workflow2_Q2_q0033,1.1,greedy,71.4974115965987,1272.147500141818,78.64715275625858,71.4974115965987,74.82776036277114,79.4892599243495
workflow2,Q2,workflow2_Q2_q0034,1.1,murakkab_profile,44.77276482718859,1038.5526318124255,49.25004130990745,45.55230805787657,44.77276482718859,47.424661680222215
workflow2,Q2,workflow2_Q2_q0035,1.1,murakkab_profile,112.97893991189274,1606.332402193303,124.27683390308202,118.54595098012963,112.97893991189274,117.80967778076442
workflow2,Q2,workflow2_Q2_q0036,1.1,greedy,52.57087753523658,1177.9557363287877,57.82796528876025,52.57087753523658,55.481993432415564,59.61059421949905
workflow2,Q2,workflow2_Q2_q0037,1.1,murakkab_profile,40.99477717006278,962.5538970308826,45.09425488706906,43.258034044291044,40.99477717006278,43.23343482993039
workflow2,Q2,workflow2_Q2_q0038,1.1,greedy,57.86888410528129,1178.70751900146,63.655772515809424,57.86888410528129,60.568619822315135,64.24930398549375
workflow2,Q2,workflow2_Q2_q0039,1.1,murakkab_profile,95.84587965944284,1513.0009740517066,105.43046762538714,100.24830574915968,95.84587965944284,101.70942856897572
workflow2,Q2,workflow2_Q2_q0040,1.1,greedy,80.79981819354477,1385.9931169187798,88.87980001289925,80.79981819354477,81.0255923030104,87.09311413132036
workflow2,Q2,workflow2_Q2_q0041,1.1,murakkab_profile,93.96651158723563,1480.7451334188236,103.3631627459592,97.3230614865247,93.96651158723563,100.88294055646566
workflow2,Q2,workflow2_Q2_q0042,1.1,murakkab_profile,94.37078058371206,1512.393366366228,103.80785864208327,98.94321959202898,94.37078058371206,99.97202650478687
workflow2,Q2,workflow2_Q2_q0043,1.1,greedy,48.091910232806,1082.2404348940613,52.901101256086605,48.091910232806,49.370333428222395,52.89516665276371
workflow2,Q2,workflow2_Q2_q0044,1.1,murakkab_profile,109.91937811640466,1608.6377622509067,120.91131592804513,115.40102544791367,109.91937811640466,114.90362434336618
workflow2,Q2,workflow2_Q2_q0045,1.1,greedy,59.60053724910988,1249.3933113596154,65.56059097402087,59.60053724910988,62.559360249787275,66.80266748201159
workflow2,Q2,workflow2_Q2_q0046,1.1,murakkab_profile,85.24401382186898,1398.0505936308498,93.76841520405588,85.7639491607098,85.24401382186898,91.74789024961085
workflow2,Q2,workflow2_Q2_q0047,1.1,murakkab_profile,36.829662050717396,927.207337327896,40.51262825578914,39.692907074659466,36.829662050717396,38.78767337244791
workflow2,Q2,workflow2_Q2_q0048,1.1,murakkab_profile,106.70556216026982,1660.0960045750662,117.37611837629682,111.87844982530217,106.70556216026982,110.42033382256042
workflow2,Q2,workflow2_Q2_q0049,1.1,greedy,60.26984466572556,1133.2228774204928,66.29682913229811,60.26984466572556,60.8434941562486,64.46680654122578
workflow2,Q2,workflow2_Q2_q0050,1.1,murakkab_profile,38.80157653809862,971.3956672864448,42.68173419190849,40.61100162463693,38.80157653809862,41.00202452139823
workflow2,Q2,workflow2_Q2_q0051,1.1,greedy,67.20277508023396,1264.384779716252,73.92305258825736,67.20277508023396,69.64719545409415,74.48817104852598
workflow2,Q2,workflow2_Q2_q0052,1.1,murakkab_profile,48.02499524529629,1020.91772728612,52.827494769825925,49.290943351532476,48.02499524529629,50.796708302824165
workflow2,Q2,workflow2_Q2_q0053,1.1,murakkab_profile,46.619069271006275,1038.1456021615272,51.280976198106906,46.80758118252281,46.619069271006275,49.66378886938847
workflow2,Q2,workflow2_Q2_q0054,1.1,greedy,83.34584139867333,1393.0731402358404,91.68042553854067,83.34584139867333,85.12586850513986,90.25560306880804
workflow2,Q2,workflow2_Q2_q0055,1.1,greedy,59.58452319974157,1216.0698060661875,65.54297551971572,59.58452319974157,62.37897396943567,66.37294437368968
workflow2,Q2,workflow2_Q2_q0056,1.1,murakkab_profile,109.80545266872419,1607.2098868896187,120.78599793559661,115.24132312026336,109.80545266872419,114.64091724504068
workflow2,Q2,workflow2_Q2_q0057,1.1,greedy,56.85879407365386,1161.5162277626678,62.54467348101925,56.85879407365386,58.67772096917239,62.660432268387396
workflow2,Q2,workflow2_Q2_q0058,1.1,murakkab_profile,91.34157834682846,1462.510204939895,100.47573618151131,91.75011589044277,91.34157834682846,97.11514462655624
workflow2,Q2,workflow2_Q2_q0059,1.1,greedy,67.48426027794088,1266.483028599554,74.23268630573497,67.48426027794088,72.12399517398649,77.49753576261209
workflow2,Q2,workflow2_Q2_q0060,1.1,greedy,77.19287717505384,1413.5339871851018,84.91216489255923,77.19287717505384,78.33005926402407,83.37416225640204
workflow2,Q2,workflow2_Q2_q0061,1.1,greedy,82.56778453843725,1368.974716291475,90.82456299228099,82.56778453843725,84.45777560785184,90.00783652068144
workflow2,Q2,workflow2_Q2_q0062,1.1,greedy,65.83831151535088,1275.1237478552791,72.42214266688597,65.83831151535088,68.99359798665489,74.50872924476406
workflow2,Q2,workflow2_Q2_q0063,1.1,murakkab_profile,118.60984713075182,1628.0701794747713,130.470831843827,124.39829125323088,118.60984713075182,123.26307656491109
workflow2,Q2,workflow2_Q2_q0064,1.1,greedy,59.95256434817399,1178.93673881729,65.9478207829914,59.95256434817399,60.69041994156058,64.21233702187057
workflow2,Q2,workflow2_Q2_q0065,1.1,murakkab_profile,45.46826428328986,1056.565653173837,50.01509071161885,45.56074151940434,45.46826428328986,48.342155402715385
workflow2,Q2,workflow2_Q2_q0066,1.1,murakkab_profile,82.24752174556093,1426.9505580206328,90.47227392011703,83.5662919873022,82.24752174556093,88.51235567567551
workflow2,Q2,workflow2_Q2_q0067,1.1,murakkab_profile,100.76655924230782,1551.1225915871987,110.84321516653861,103.96047181109981,100.76655924230782,106.84242640750007
workflow2,Q2,workflow2_Q2_q0068,1.1,murakkab_profile,40.13446751201256,955.2676406855736,44.14791426321382,42.42080459624514,40.13446751201256,42.3466593797041
workflow2,Q2,workflow2_Q2_q0069,1.1,greedy,70.4234392793578,1258.003373088572,77.46578320729358,70.4234392793578,73.89868662976149,79.06088857923706
workflow2,Q2,workflow2_Q2_q0070,1.1,murakkab_profile,115.41515306260267,1585.4946465237776,126.95666836886295,121.09153576417539,115.41515306260267,120.20522174247233
workflow2,Q2,workflow2_Q2_q0071,1.1,murakkab_profile,91.76939513320866,1479.8429686934603,100.94633464652954,93.98879459660404,91.76939513320866,98.02168958994041
workflow2,Q2,workflow2_Q2_q0072,1.1,murakkab_profile,105.04446725110796,1658.941806349996,115.54891397621877,109.67229974732649,105.04446725110796,106.68314158879491
workflow2,Q2,workflow2_Q2_q0073,1.1,greedy,72.44763888246177,1318.4805136761618,79.69240277070796,72.44763888246177,76.18325394841155,81.49384086732479
workflow2,Q2,workflow2_Q2_q0074,1.1,murakkab_profile,80.48267573729846,1413.5668340534512,88.53094331102832,83.15659373436387,80.48267573729846,87.34596832790072
workflow2,Q2,workflow2_Q2_q0075,1.1,greedy,58.01109596615334,1149.184167901498,63.81220556276868,58.01109596615334,60.40197946140354,64.70710315430814
workflow2,Q2,workflow2_Q2_q0076,1.1,murakkab_profile,107.5670532179864,1626.202575953001,118.32375853978505,113.10210330906403,107.5670532179864,113.06224365186782
workflow2,Q2,workflow2_Q2_q0077,1.1,greedy,62.81578605585542,1196.4050937875586,69.09736466144096,62.81578605585542,64.74971837410058,69.6011211597225
workflow2,Q2,workflow2_Q2_q0078,1.1,murakkab_profile,98.62023890294915,1471.628672031762,108.48226279324408,101.89671670775517,98.62023890294915,105.98509430104448
workflow2,Q2,workflow2_Q2_q0079,1.1,greedy,61.241592543234304,1223.622180946061,67.36575179755773,61.241592543234304,65.90869783140141,71.09269036421824
workflow2,Q2,workflow2_Q2_q0080,1.1,greedy,77.45688830923108,1340.965098781588,85.20257714015419,77.45688830923108,81.1535752051134,86.41276354060973
workflow2,Q2,workflow2_Q2_q0081,1.1,murakkab_profile,95.0255853060544,1457.779184648433,104.52814383665984,96.28247168223444,95.0255853060544,101.49134069159302
workflow2,Q2,workflow2_Q2_q0082,1.1,greedy,68.44962537449541,1301.8568052201265,75.29458791194496,68.44962537449541,72.50825590856084,77.51812838905101
workflow2,Q2,workflow2_Q2_q0083,1.1,murakkab_profile,113.46949883888814,1596.2903387495817,124.81644872277697,119.13968288789098,113.46949883888814,118.72734436560452
workflow2,Q2,workflow2_Q2_q0084,1.1,greedy,60.88322367801976,1235.5730805726157,66.97154604582174,60.88322367801976,62.675113323530894,66.51362694906182
workflow2,Q2,workflow2_Q2_q0085,1.1,murakkab_profile,85.14890897556364,1404.0095947269888,93.66379987312001,85.31508668992375,85.14890897556364,91.26163822703559
workflow2,Q2,workflow2_Q2_q0086,1.1,greedy,63.04949970692131,1178.67701942539,69.35444967761345,63.04949970692131,64.4576877340409,68.45862644087943
workflow2,Q2,workflow2_Q2_q0087,1.1,greedy,65.52333236140714,1227.331856156834,72.07566559754787,65.52333236140714,69.30756897628791,74.29855507896865
workflow2,Q2,workflow2_Q2_q0088,1.1,greedy,65.25212355145568,1250.917055038712,71.77733590660125,65.25212355145568,69.57467541056556,74.32173864324845
workflow2,Q2,workflow2_Q2_q0089,1.1,murakkab_profile,40.952803203465535,1018.534290041935,45.048083523812096,42.00855093182946,40.952803203465535,43.34436349373144
workflow2,Q2,workflow2_Q2_q0090,1.1,murakkab_profile,45.36733869191187,993.3296606641356,49.90407256110306,47.12188618657459,45.36733869191187,47.92910384903587
workflow2,Q2,workflow2_Q2_q0091,1.1,murakkab_profile,77.0406189437918,1419.1087981670275,84.74468083817098,79.54099976337058,77.0406189437918,82.98548677155564
workflow2,Q2,workflow2_Q2_q0092,1.1,murakkab_profile,89.57704743142098,1410.2553675046872,98.53475217456308,90.87172913038819,89.57704743142098,96.52217741675622
workflow2,Q2,workflow2_Q2_q0093,1.1,murakkab_profile,86.20887079069162,1415.721733658365,94.82975786976078,87.43973184847393,86.20887079069162,92.73859368345337
workflow2,Q2,workflow2_Q2_q0094,1.1,murakkab_profile,33.8613724345569,940.1172863309204,37.24750967801259,36.33985577954142,33.8613724345569,35.60965200038474
workflow2,Q2,workflow2_Q2_q0095,1.1,greedy,60.60964947884181,1166.9813901557814,66.67061442672599,60.60964947884181,61.77334648865388,65.58729256769584
workflow2,Q2,workflow2_Q2_q0096,1.1,greedy,51.55874827952616,1071.780382048176,56.71462310747878,51.55874827952616,51.6658030675286,54.93231503076818
workflow2,Q2,workflow2_Q2_q0097,1.1,murakkab_profile,99.39206246949742,1500.9429769712972,109.33126871644717,102.36187705794178,99.39206246949742,106.12909395582274
workflow2,Q2,workflow2_Q2_q0098,1.1,murakkab_profile,110.66221214199071,1561.936181832438,121.72843335618978,116.15209490945062,110.66221214199071,115.94281094985912
workflow2,Q2,workflow2_Q2_q0099,1.1,greedy,54.05549455389338,1107.920138958736,59.46104400928272,54.05549455389338,55.34431955918664,59.115919085400634
workflow2,Q3,workflow2_Q3_q0000,1.1,greedy,33.95452927848343,825.5363846000752,37.349982206331774,33.95452927848343,42.359977097641355,41.27708878021204
workflow2,Q3,workflow2_Q3_q0001,1.1,single_cloud,82.29541593518927,1260.4570900462409,90.5249575287082,87.92927531105327,91.06947198343457,82.29541593518927
workflow2,Q3,workflow2_Q3_q0002,1.1,greedy,27.655562133809084,797.249939826165,30.421118347189996,27.655562133809084,35.30583118691191,34.31543026577793
workflow2,Q3,workflow2_Q3_q0003,1.1,greedy,34.90696920407798,831.2256988475095,38.39766612448578,34.90696920407798,43.774860013290905,42.66469484012837
workflow2,Q3,workflow2_Q3_q0004,1.1,greedy,53.37092373548048,1056.2197518528749,58.708016109028534,53.37092373548048,58.66839903007765,57.6863042766552
workflow2,Q3,workflow2_Q3_q0005,1.1,greedy,28.152530651906538,780.3439328788747,30.967783717097195,28.152530651906538,35.50557026680621,34.463095402016755
workflow2,Q3,workflow2_Q3_q0006,1.1,greedy,27.818265460005886,771.6406811883053,30.600092006006477,27.818265460005886,34.96124930849275,33.90032767250122
workflow2,Q3,workflow2_Q3_q0007,1.1,greedy,24.676986196593308,740.7068890484312,27.144684816252642,24.676986196593308,31.101659406986027,30.080468839205597
workflow2,Q3,workflow2_Q3_q0008,1.1,greedy,54.401759422615996,998.524935875126,59.8419353648776,54.401759422615996,61.63008309061262,60.541136324458435
workflow2,Q3,workflow2_Q3_q0009,1.1,single_cloud,66.5490854190508,1198.667488172483,73.20399396095588,70.90751639012899,73.56507357885033,66.5490854190508
workflow2,Q3,workflow2_Q3_q0010,1.1,greedy,27.88335172872322,761.0103680255982,30.671686901595542,27.88335172872322,35.00210180407155,33.94310229816886
workflow2,Q3,workflow2_Q3_q0011,1.1,single_cloud,68.87395344997235,1126.2755999852,75.76134879496959,71.59320824804405,75.20896810804136,68.87395344997235
workflow2,Q3,workflow2_Q3_q0012,1.1,single_cloud,77.93831301040191,1227.362120983416,85.73214431144211,85.33494141287849,89.18639510449344,77.93831301040191
workflow2,Q3,workflow2_Q3_q0013,1.1,greedy,34.055118158945206,839.7893020186685,37.460629974839726,34.055118158945206,42.46370082231437,41.41625407904093
workflow2,Q3,workflow2_Q3_q0014,1.1,greedy,34.344965784614175,827.2845855203427,37.779462363075595,34.344965784614175,43.32492813661398,42.23756000290028
workflow2,Q3,workflow2_Q3_q0015,1.1,single_cloud,90.5092310472503,1249.649855993909,99.56015415197534,100.62798383373959,104.46979699893612,90.5092310472503
workflow2,Q3,workflow2_Q3_q0016,1.1,single_cloud,84.3879528784354,1227.360519246476,92.82674816627895,92.04257513944599,95.74847531028396,84.3879528784354
workflow2,Q3,workflow2_Q3_q0017,1.1,greedy,58.96615033205969,1059.237948921893,64.86276536526566,58.96615033205969,65.86016775600831,64.80096023878531
workflow2,Q3,workflow2_Q3_q0018,1.1,single_cloud,76.08553086119815,1225.0386485903186,83.69408394731798,85.21365680210741,88.31317825372768,76.08553086119815
workflow2,Q3,workflow2_Q3_q0019,1.1,greedy,32.34148010761764,795.2744954043311,35.575628118379406,32.34148010761764,40.871970255209575,39.75324245455871
workflow2,Q3,workflow2_Q3_q0020,1.1,greedy,45.2744073120736,973.7752660125672,49.80184804328096,45.2744073120736,53.614503425343656,52.6247147798442
workflow2,Q3,workflow2_Q3_q0021,1.1,single_cloud,74.85201667520194,1176.88103419253,82.33721834272214,76.91882836797046,80.3118152192422,74.85201667520194
workflow2,Q3,workflow2_Q3_q0022,1.1,greedy,35.77989300140256,892.7085791360568,39.35788230154282,35.77989300140256,45.500897875958394,44.481267275449106
workflow2,Q3,workflow2_Q3_q0023,1.1,single_cloud,75.13822386872832,1185.4777857788897,82.65204625560115,79.17336736007397,82.26641657199941,75.13822386872832
workflow2,Q3,workflow2_Q3_q0024,1.1,greedy,58.16074029176976,1038.6720623576057,63.976814320946744,58.16074029176976,63.046144397961605,61.98745360533538
workflow2,Q3,workflow2_Q3_q0025,1.1,single_cloud,79.39516623757028,1184.2573584701747,87.33468286132731,84.53388362718727,88.34674546570892,79.39516623757028
workflow2,Q3,workflow2_Q3_q0026,1.1,greedy,49.95154669030886,1015.3044737563962,54.94670135933975,49.95154669030886,57.04828693836036,56.03822009435715
workflow2,Q3,workflow2_Q3_q0027,1.1,greedy,46.0111493167457,958.0522076752272,50.612264248420274,46.0111493167457,54.848466573506336,53.80038069874721
workflow2,Q3,workflow2_Q3_q0028,1.1,greedy,34.45829383215442,870.0723404687587,37.904123215369864,34.45829383215442,43.61197886224326,42.612193519628775
workflow2,Q3,workflow2_Q3_q0029,1.1,greedy,30.80568782139127,863.6772183929548,33.8862566035304,30.80568782139127,38.68405256052742,37.771494893236714
workflow2,Q3,workflow2_Q3_q0030,1.1,single_cloud,73.18381058441953,1184.981963534038,80.50219164286149,76.71794622537976,80.22382872165737,73.18381058441953
workflow2,Q3,workflow2_Q3_q0031,1.1,greedy,31.117786096234266,810.7473618968911,34.2295647058577,31.117786096234266,39.28486762419289,38.26197436614066
workflow2,Q3,workflow2_Q3_q0032,1.1,greedy,30.70617259683044,791.2671583256353,33.77678985651349,30.70617259683044,38.28019562095731,37.18583121976318
workflow2,Q3,workflow2_Q3_q0033,1.1,greedy,34.4243951482393,844.6939715470921,37.86683466306323,34.4243951482393,43.9057872304257,42.832921199122474
workflow2,Q3,workflow2_Q3_q0034,1.1,greedy,32.77309862818395,844.1349961761401,36.05040849100235,32.77309862818395,41.61053739196494,40.60918623410636
workflow2,Q3,workflow2_Q3_q0035,1.1,single_cloud,84.4212026507701,1227.3504696525615,92.86332291584712,92.80586216659219,96.48449407938978,84.4212026507701
workflow2,Q3,workflow2_Q3_q0036,1.1,greedy,45.081469452405514,976.156518447344,49.58961639764607,45.081469452405514,50.034731530199,49.11492316937581
workflow2,Q3,workflow2_Q3_q0037,1.1,single_cloud,93.49878790325141,1326.3138113744617,102.84866669357656,102.96106693374065,106.64877417250881,93.49878790325141
workflow2,Q3,workflow2_Q3_q0038,1.1,greedy,30.66802650648775,821.5741801089262,33.734829157136524,30.66802650648775,38.46770195295115,37.46256270636037
workflow2,Q3,workflow2_Q3_q0039,1.1,greedy,68.68125731734501,1127.0341608803594,75.54938304907952,68.68125731734501,73.97352776733925,72.74798641580477
workflow2,Q3,workflow2_Q3_q0040,1.1,greedy,55.520071082497026,1005.8683764602598,61.07207819074673,55.520071082497026,62.146512003583524,61.07542642027096
workflow2,Q3,workflow2_Q3_q0041,1.1,greedy,50.63936493268383,972.850393333989,55.70330142595222,50.63936493268383,59.38459400549018,58.28607636640992
workflow2,Q3,workflow2_Q3_q0042,1.1,single_cloud,73.00532247282526,1258.099812160395,80.30585472010779,80.06498183540862,83.41084026885744,73.00532247282526
workflow2,Q3,workflow2_Q3_q0043,1.1,single_cloud,87.83835637094343,1317.5623840720812,96.62219200803779,96.31103112379907,99.91026429558958,87.83835637094343
workflow2,Q3,workflow2_Q3_q0044,1.1,single_cloud,86.91008690830908,1256.783360010804,95.60109559914,93.61642645692264,97.50191039452592,86.91008690830908
workflow2,Q3,workflow2_Q3_q0045,1.1,greedy,29.70523513569442,854.1650817171846,32.67575864926386,29.70523513569442,38.223853753066216,37.31570058963416
workflow2,Q3,workflow2_Q3_q0046,1.1,greedy,38.02653399253097,871.0240501872053,41.829187391784075,38.02653399253097,47.63944098717679,46.53554898671841
workflow2,Q3,workflow2_Q3_q0047,1.1,greedy,66.47976768073555,1128.5333068726395,73.12774444880911,66.47976768073555,70.11597275053964,69.00806695177721
workflow2,Q3,workflow2_Q3_q0048,1.1,greedy,40.647596232126304,911.4218468971542,44.71235585533894,40.647596232126304,50.773444202728015,49.70499911714924
workflow2,Q3,workflow2_Q3_q0049,1.1,single_cloud,82.9343000228575,1175.063387369791,91.22773002514326,87.90717136271181,91.79981411897066,82.9343000228575
workflow2,Q3,workflow2_Q3_q0050,1.1,greedy,59.40201658066329,1075.4944570189857,65.34221823872963,59.40201658066329,64.73768561126367,63.71790477291184
workflow2,Q3,workflow2_Q3_q0051,1.1,greedy,61.17040199424901,1066.3176274389225,67.28744219367393,61.17040199424901,66.09956871453556,65.04932979567555
workflow2,Q3,workflow2_Q3_q0052,1.1,single_cloud,78.59895576211038,1230.5683607346257,86.45885133832142,83.97402301030466,87.16166406604113,78.59895576211038
workflow2,Q3,workflow2_Q3_q0053,1.1,single_cloud,78.2351125083155,1160.751187762968,86.05862375914705,81.07860822325051,84.85772198580455,78.2351125083155
workflow2,Q3,workflow2_Q3_q0054,1.1,greedy,29.030827844906387,756.1234057723977,31.93391062939703,29.030827844906387,36.387217911100755,35.26930379739192
workflow2,Q3,workflow2_Q3_q0055,1.1,greedy,28.34467269163797,769.6600255355828,31.17913996080177,28.34467269163797,35.74438574798788,34.670885709843205
workflow2,Q3,workflow2_Q3_q0056,1.1,greedy,66.51855541226313,1096.2819804729788,73.17041095348945,66.51855541226313,70.06475934478209,66.92732202405567
workflow2,Q3,workflow2_Q3_q0057,1.1,greedy,57.48040452815206,1028.0312319381385,63.22844498096727,57.48040452815206,61.64290115498832,60.59359765341955
workflow2,Q3,workflow2_Q3_q0058,1.1,greedy,37.034356230037446,894.3252421009138,40.737791853041195,37.034356230037446,47.38151278754513,46.33633484683384
workflow2,Q3,workflow2_Q3_q0059,1.1,greedy,47.22968357243378,988.0769412554364,51.95265192967716,47.22968357243378,58.427381115986584,57.36880093411628
workflow2,Q3,workflow2_Q3_q0060,1.1,single_cloud,79.36226894205255,1188.7797445623603,87.29849583625781,83.85040564182562,87.54574556554232,79.36226894205255
workflow2,Q3,workflow2_Q3_q0061,1.1,single_cloud,82.78563521568974,1229.4233543236312,91.06419873725872,88.41573916609258,92.12529824632405,82.78563521568974
workflow2,Q3,workflow2_Q3_q0062,1.1,single_cloud,58.21142786024028,1072.4195669637502,64.0325706462643,59.049309065161786,62.116771371741436,58.21142786024028
workflow2,Q3,workflow2_Q3_q0063,1.1,greedy,46.22058808737283,968.384584875062,50.84264689611012,46.22058808737283,55.52501343571448,54.50320188328459
workflow2,Q3,workflow2_Q3_q0064,1.1,greedy,39.950000785109786,900.5442041005052,43.94500086362077,39.950000785109786,50.02464086845136,48.944907638942965
workflow2,Q3,workflow2_Q3_q0065,1.1,greedy,59.135860748942584,1049.1669673070903,65.04944682383685,59.135860748942584,63.37522415801035,62.028924121536896
workflow2,Q3,workflow2_Q3_q0066,1.1,greedy,41.620716674524004,926.6058743426876,45.782788341976406,41.620716674524004,52.682516763905035,51.608455849028985
workflow2,Q3,workflow2_Q3_q0067,1.1,single_cloud,60.92850510921096,1074.1186830771371,67.02135562013206,61.28455255057456,64.37611412504559,60.92850510921096
workflow2,Q3,workflow2_Q3_q0068,1.1,single_cloud,67.24493261502286,1140.7075494927017,73.96942587652515,68.24718255916399,71.7117792416834,67.24493261502286
workflow2,Q3,workflow2_Q3_q0069,1.1,greedy,30.12715162654414,779.4924611799139,33.13986678919856,30.12715162654414,37.732299217343865,36.66304530187076
workflow2,Q3,workflow2_Q3_q0070,1.1,greedy,25.904366229666895,741.0315123074573,28.494802852633587,25.904366229666895,32.61959399884785,31.55922130251576
workflow2,Q3,workflow2_Q3_q0071,1.1,greedy,36.76083673063948,865.9831553381835,40.43692040370343,36.76083673063948,45.60355483157625,44.528341363440006
workflow2,Q3,workflow2_Q3_q0072,1.1,single_cloud,88.4454851828495,1269.5930020504309,97.29003370113445,96.85331831253782,100.61400225587649,88.4454851828495
workflow2,Q3,workflow2_Q3_q0073,1.1,single_cloud,70.78057773519554,1122.7456155260154,77.8586355087151,71.80576920286134,75.37794510030483,70.78057773519554
workflow2,Q3,workflow2_Q3_q0074,1.1,greedy,31.84914985145707,842.1317442059427,35.03406483660278,31.84914985145707,39.86511591305363,38.882956595202714
workflow2,Q3,workflow2_Q3_q0075,1.1,single_cloud,85.96219072357798,1267.080159814853,94.55840979593579,92.65899387107677,96.24916395166595,85.96219072357798
workflow2,Q3,workflow2_Q3_q0076,1.1,greedy,53.625303339199625,1018.4259342739904,58.987833673119596,53.625303339199625,61.22847863740675,60.16323068036193
workflow2,Q3,workflow2_Q3_q0077,1.1,greedy,51.74801026284171,1022.0558832510956,56.92281128912589,51.74801026284171,61.423881316388055,60.386295167926164
workflow2,Q3,workflow2_Q3_q0078,1.1,single_cloud,90.16171685397309,1293.866613977315,99.1778885393704,99.50288593178271,103.09877448428897,90.16171685397309
workflow2,Q3,workflow2_Q3_q0079,1.1,greedy,28.850736963234,775.5923270956639,31.7358106595574,28.850736963234,36.522188844623884,35.43493423495454
workflow2,Q3,workflow2_Q3_q0080,1.1,greedy,36.94176953004454,867.6994672703498,40.635946483049,36.94176953004454,46.789910484456286,45.690317834996726
workflow2,Q3,workflow2_Q3_q0081,1.1,greedy,63.72874405533833,1086.9423159615335,70.10161846087217,63.72874405533833,68.94057934938027,67.89696351355008
workflow2,Q3,workflow2_Q3_q0082,1.1,greedy,36.16015988267641,856.0498190687136,39.77617587094405,36.16015988267641,44.84416558915225,43.7747923997098
workflow2,Q3,workflow2_Q3_q0083,1.1,greedy,69.312877833632,1142.4081786480194,76.2441656169952,69.312877833632,73.01978461247528,71.24482739195481
workflow2,Q3,workflow2_Q3_q0084,1.1,greedy,37.60911925197359,867.0569983716035,41.37003117717095,37.60911925197359,47.32219703674348,46.21863955362237
workflow2,Q3,workflow2_Q3_q0085,1.1,greedy,31.966246664544013,799.0612638062585,35.162871330998414,31.966246664544013,39.83836807177021,38.72076899651258
workflow2,Q3,workflow2_Q3_q0086,1.1,greedy,31.91923501780308,862.8524204435208,35.11115851958339,31.91923501780308,40.45890873352999,39.50087098401289
workflow2,Q3,workflow2_Q3_q0087,1.1,greedy,47.92964063159396,990.489454675352,52.722604694753365,47.92964063159396,58.42891682425363,57.37550614927715
workflow2,Q3,workflow2_Q3_q0088,1.1,greedy,33.4669548089856,844.603417790794,36.81365028988416,33.4669548089856,43.08715998833675,42.04748884110633
workflow2,Q3,workflow2_Q3_q0089,1.1,greedy,30.87448438069168,820.0838019446524,33.96193281876085,30.87448438069168,38.591085870340876,37.58985674994845
workflow2,Q3,workflow2_Q3_q0090,1.1,single_cloud,85.06273920265231,1249.342763887125,93.56901312291755,94.60584211937578,98.21748334424147,85.06273920265231
workflow2,Q3,workflow2_Q3_q0091,1.1,greedy,41.23257099943197,929.9469856481674,45.355828099375174,41.23257099943197,51.07919052638717,50.03468898223042
workflow2,Q3,workflow2_Q3_q0092,1.1,greedy,40.4436276611087,953.8248389441987,44.48799042721957,40.4436276611087,50.107693106590325,49.13759327028793
workflow2,Q3,workflow2_Q3_q0093,1.1,greedy,25.153385771491124,773.0979742609262,27.66872434864024,25.153385771491124,31.692484753437842,30.762363816893306
workflow2,Q3,workflow2_Q3_q0094,1.1,greedy,42.89615217826766,951.8198692638152,47.185767396094434,42.89615217826766,53.73663408550618,52.71834503731868
workflow2,Q3,workflow2_Q3_q0095,1.1,greedy,40.13846524395273,897.0599261034465,44.15231176834801,40.13846524395273,49.699562637030255,48.615387101950844
workflow2,Q3,workflow2_Q3_q0096,1.1,greedy,66.85166580861915,1101.562965839402,73.53683238948106,66.85166580861915,71.4968679534362,70.05647355637868
workflow2,Q3,workflow2_Q3_q0097,1.1,greedy,33.67385591218973,861.9089001029956,37.041241503408706,33.67385591218973,42.34554351350507,41.36816471949247
workflow2,Q3,workflow2_Q3_q0098,1.1,single_cloud,80.45301148160799,1265.9570020319763,88.49831262976879,88.04635041400569,91.42876952144545,80.45301148160799
workflow2,Q3,workflow2_Q3_q0099,1.1,single_cloud,92.62000819587217,1290.390772936009,101.8820090154594,102.71059289115995,106.24014178129069,92.62000819587217
